ID,Sequence,Resolution
1mhpH,EVQLVESGGGLVQPGGSLRLSCAASGFTFSR--YTMSWVRQAPGKGLEWVATISG--G-GHTYYLDSVKGRFTISRDNSKNTLYLQMNSLRAEDTAVYYCTRGFGDGGYF----------DVWGQGTLVTVSS--IQLTQSPSSLSASVGDRVTITCSASSSV-------NHMFWYQQKPGKAPKPWIYLTSNLASGVPSRFSGSGSGTDYTLTISSLQPEDFATYYCQQWSGNP------WTFGQGTKVEI-K--,2.8
1mhpX,EVQLVESGGGLVQPGGSLRLSCAASGFTFSR--YTMSWVRQAPGKGLEWVATISG--G-GHTYYLDSVKGRFTISRDNSKNTLYLQMNSLRAEDTAVYYCTRGFGDGGYF----------DVWGQGTLVTVSS--IQLTQSPSSLSASVGDRVTITCSASSSV-------NHMFWYQQKPGKAPKPWIYLTSNLASGVPSRFSGSGSGTDYTLTISSLQPEDFATYYCQQWSGNP------WTFGQGTKVEI-K--,2.8
1xiwD,EVQLQQSGPELVKPGASMKISCKASGYSFTG--YTMNWVKQSHGKNLEWMGLINP--YKGVSTYNQKFKDKATLTVDKSSSTAYMELLSLTSEDSAVYYCARSGYYGDSDWYF-------DVWGQGTTLTVF--DIQMTQTTSSLSASLGDRVTISCRASQDIR------NYLNWYQQKPDGTVKLLIYYTSRLHSGVPSKFSGSGSGTDYSLTISNLEQEDIATYFCQQGNTLP------WTFAGGTKLEI----,1.9
1xiwH,EVQLQQSGPELVKPGASMKISCKASGYSFTG--YTMNWVKQSHGKNLEWMGLINP--YKGVSTYNQKFKDKATLTVDKSSSTAYMELLSLTSEDSAVYYCARSGYYGDSDWYF-------DVWGQGTTLTVF--DIQMTQTTSSLSASLGDRVTISCRASQDIR------NYLNWYQQKPDGTVKLLIYYTSRLHSGVPSKFSGSGSGTDYSLTISNLEQEDIATYFCQQGNTLP------WTFAGGTKLEI----,1.9
6nv0H,EVQLVESGGGLVQPGGSLRLSCAASGFIFRD--SWMTWVRQAPGKGPEWVADINQ--GGSHKYYVDSVKGRFTISRDDAKNSLYLQMNSLRAEDTAVYYCARDPEFGAL-----------DYWGQGALVTVSS-DVVMTQSPLSLPVTLGQPASISCRSSQSLVYSDGN-TYLAWFQQRPGQSPRRLIYRVSNRDSGVPDRFSGSGSGTDFTLKISRVEAEDVGVYYCLQGTHGP------HTFGQGTNLEI-K--,2.31
6nv0D,EVQLVESGGGLVQPGGSLRLSCAASGFIFRD--SWMTWVRQAPGKGPEWVADINQ--GGSHKYYVDSVKGRFTISRDDAKNSLYLQMNSLRAEDTAVYYCARDPEFGAL-----------DYWGQGALVTVSS-DVVMTQSPLSLPVTLGQPASISCRSSQSLVYSDGN-TYLAWFQQRPGQSPRRLIYRVSNRDSGVPDRFSGSGSGTDFTLKISRVEAEDVGVYYCLQGTHGP------HTFGQGTNLEI-K--,2.31
4ydkH,EVQLSESGGGFVKPGGSLRLSCEASGFTFNN--YAMGWVRQAPGKGLEWVSVTSA--HGGSAYFGEFVKGRFTMSRDHFIDTVYLEMNRLTVEDTAVYYCVRVTFYHEGSGYYYRAGNYFDSWGQGTLVIVS--DIQMTQSPSSLSASIGDRVTITCRASQDIA------NYLNWYQKKSGTPPKLLIFGATNLHHGVSPRFSGSGHGTHFSLTITNVQHEDFANYFCQQSFQTV------GSFGQGTWVDI-R--,2.051
6ffjE,QVQLQQSGAELAKPGASMKMSCRASGYSFTS--YWIHWLKQRPDQGLEWIGYIDP--ATAYTESNQKFKDKAILTADRSSNTAFMYLNSLTSEDSAVYYCARESP------YYYAM----DYWGQGTTVTVS--DIQMTQTPSSLSASLGDRVTISCRASQDIS------NYLNWYQQKPDGTVKLLIYYTSRLHSGVPSRFSGSGSGTDYSLTISNLEQEDIATYFCQQGNTLP------PTFGAGTKLEL-K--,2.2
6ffjA,QVQLQQSGAELAKPGASMKMSCRASGYSFTS--YWIHWLKQRPDQGLEWIGYIDP--ATAYTESNQKFKDKAILTADRSSNTAFMYLNSLTSEDSAVYYCARESPRLRRGIYYYAM----DYWGQGTTVTVSS-DIQMTQTPSSLSASLGDRVTISCRASQDIS------NYLNWYQQKPDGTVKLLIYYTSRLHSGVPSRFSGSGSGTDYSLTISNLEQEDIATYFCQQGNTLP------PTFGAGTKLEL----,2.2
6ffjG,-VQLQQSGAELAKPGASMKMSCRASGYSFTS--YWIHWLKQRPDQGLEWIGYIDP--ATAYTESNQKFKDKAILTADRSSNTAFMYLNSLTSEDSAVYYCARESPR-----YYYAM----DYWGQGTTVTVSS-DIQMTQTPSSLSASLGDRVTISCRASQDIS------NYLNWYQQKPDGTVKLLIYYTSRLHSGVPSRFSGSGSGTDYSLTISNLEQEDIATYFCQQGNTLP------PTFGAGTKLEL-K--,2.2
6ffjC,QVQLQQSGAELAKPGASMKMSCRASGYSFTS--YWIHWLKQRPDQGLEWIGYIDP--ATAYTESNQKFKDKAILTADRSSNTAFMYLNSLTSEDSAVYYCARESPRLRRGIYYYAM----DYWGQGTTVTVSS-DIQMTQTPSSLSASLGDRVTISCRASQDIS------NYLNWYQQKPDGTVKLLIYYTSRLHSGVPSRFSGSGSGTDYSLTISNLEQEDIATYFCQQGNTLP------PTFGAGTKLEL-K--,2.2
5vkeA,QVQLQQPGAELVKPGASVKLSCKASGYTFTS--DWIHWVKQRPGHGLEWIGEIIP--SYGRANYNEKIQKKATLTADKSSSTAFMQLSSLTSEDSAVYYCARERGDGYF-----------AVWGAGTTVTVSS-DILLTQSPAILSVSPGERVSFSCRASQSIG------TDIHWYQQRTNGSPRLLIKYASESISGIPSRFSGSGSGTDFTLSINSVESEDIANYYCQQSNRWP------FTFGSGTKLEI-K--,2.37
4ydvH,QVQLVQSGGGVFKPGGSLRLSCEASGFTFTE--YYMTWVRQAPGKGLEWLAYISK--NGEYSKYSPSSNGRFTISRDNAKNSVFLQLDRLSADDTAVYYCARADGLTYFSELLQYIF---DLWGQGARVTVSS--IVLAQSPDSLAVSPGERATIHCKSSQ---------HSIAWYQQRPGQPPKLLLYWASMRLSGVPDRFSGSGSGTDFTLTINNLQAEDVAIYYCHQYSSHP------PTFGHGTRVEL-R--,2.7
4ydvB,QVQLVQSGGGVFKPGGSLRLSCEASGFTFTE--YYMTWVRQAPGKGLEWLAYISK--NGEYSKYSPSSNGRFTISRDNAKNSVFLQLDRLSADDTAVYYCARADGLTYFSELLQYIF---DLWGQGARVTVSS--IVLAQSPDSLAVSPGERATIHCKSSQ---------HSIAWYQQRPGQPPKLLLYWASMRLSGVPDRFSGSGSGTDFTLTINNLQAEDVAIYYCHQYSSHP------PTFGHGTRVEL-R--,2.7
4rgmH,QIQLVQSGPELKKPGETVRISCKASGYIFTI--AGIQWVQKMPGRGLRWIGWINT--HSGVPEYAEEFKGRFAFSLETSARTAYLQISNLKDEDTATYFCARIYYGNNGGVM--------DYWGQGTSVTVSS-DIQMTQSPSSLSASLGERVSLTCRASQEIS------DYLTWLQQKPDGTIKRLIYVASSLDSGVPKRFSGSRSGSDYSLTISSLESEDFADYYCLQYANYP------WTFGGGTKLEI-R--,2.689
4rgmC,QIQLVQSGPELKKPGETVRISCKASGYIFTI--AGIQWVQKMPGRGLRWIGWINT--HSGVPEYAEEFKGRFAFSLETSARTAYLQISNLKDEDTATYFCARIYYGNNGGVM--------DYWGQGTSVTVSS-DIQMTQSPSSLSASLGERVSLTCRASQEIS------DYLTWLQQKPDGTIKRLIYVASSLDSGVPKRFSGSRSGSDYSLTISSLESEDFADYYCLQYANYP------WTFGGGTKLEI-R--,2.689
2dqcH,-VQLQESGPSLVKPSQTLSLTCSVTGDSITS--DFWSWIRKFPGNRLEYMGYVSYS-G--STYYNPSLKSRISITRDTSKNQYYLDLNSVTTEDTATYYCANWDG---------------DYWGQGTLVTVS--DIVLTQSPATLSVTPGNSVSLSCRASQSIG------NNLHWYQQKSHESPRLLIKYASQSISGIPSRFSGSGSGTDFTLSINSVETEDFGMYFCQQSNSWP------YTFGGGTKLEI-K--,1.8
1mhhD,QIQLVQSGPELKKPGETVKISCKASGYTFTD--FSMHWVNQAPGKGLNWMGWVNT--ETGEPTYADDFKGRFAFSLETSASTAYLQINSLKNEDTATYFCARFLLRQYF-----------DVWGAGTTVTVSS-DIVMSQSPSSLAVSAGEKVTMSCKSSQSLLNSRTRKNYLAWYQQKPGQSPKVLIYWASTRESGVPDRFTGRGSGTDFTLTISSVQAEDQAVYYCKQAYIPP------LTFGAGTKLEL-K--,2.1
1mhhB,QIQLVQSGPELKKPGETVKISCKASGYTFTD--FSMHWVNQAPGKGLNWMGWVNT--ETGEPTYADDFKGRFAFSLETSASTAYLQINSLKNEDTATYFCARFLLRQYF-----------DVWGAGTTVTVSS-DIVMSQSPSSLAVSAGEKVTMSCKSSQSLLNSRTRKNYLAWYQQKPGQSPKVLIYWASTRESGVPDRFTGRGSGTDFTLTISSVQAEDQAVYYCKQAYIPP------LTFGAGTKLEL-K--,2.1
5vkhA,QVQLQQPGAELVKPGASVKLSCKASGYTFTS--DWIHWVKQRPGHGLEWIGEIIP--SYGRANYNEKIQKKATLTADKSSSTAFMQLSSLTSEDSAVYYCARERGDGYF-----------AVWGAGTTVTVSS-DILLTQSPAILSVSPGERVSFSCRASQSIG------TDIHWYQQRTNGSPRLLIKYASESISGIPSRFSGSGSGTDFTLSINSVESEDIANYYCQQSNRWP------FTFGSGTKLEI-K--,2.25
1yqvH,EVQLQQSGAELMKPGASVKISCKASGYTFSD--YWIEWVKQRPGHGLEWIGEILP--GSGSTNYHERFKGKATFTADTSSSTAYMQLNSLTSEDSGVYYCLHGNYDF-------------DGWGQGTTLTVSS-DIVLTQSPAIMSASPGEKVTMTCSASSSV-------NYMYWYQQKSGTSPKRWIYDTSKLASGVPVRFSGSGSGTSYSLTISSMETEDAATYYCQQWGRN-------PTFGGGTKLEI-K--,1.7
5x4gA,-VKLEESGGGLVQPGGSMKLSCVASGFTFSN--FWMNWVRQSPEKGLEWVAEIRLKSNNYATHYAESVKGRFTISRDDSKSSVYLQMNNLRTEDTGIYYCTSYDY---------------EYWGQGTLVTVSA-NIVMTQSPKSMSMSVGERVTLSCKASENVG------TYVSWYQQKPEQSPKLLIYGASNRYTGVPDRFTGSGSATDFTLTISSVQAEDLADYHCGQSYSYP------FTFGSGTKLEI-K--,1.45
5bq7A,QVQLVQSGSELKKPGASVKVSCKASGYTLTR--YAMTWVRQAPGQGLEWMGWINT--YTGNPTYVQGFTGRFVFSLDTSVSTAFLHITSLKAEDTAVYFCAREGGARGF-----------DYWGQGTLVTVSS---VLTQPPS-VSGAPGQRVTISCT--SSN---------VHWYQQLPGTAPTLLIYVNSNRPSGVPDRFSGSKSGTSASLAITGLQAEDEADYYCQSY-----GS---AVFGGGTKLTV-L--,2.738
3qnxB,--QLVESGGGLVQPGGSLKLSCAASGFTLSG--SNVHWVRQASGKGLEWVGRIKRNAESDATAYAASMRGRLTISRDDSKNTAFLQMNSLKSDDTAMYYCVIRGDVYN------------RQWGQGTLVTVSS--IVMTQSPLSLSVTPGEPASISCRSSQSLLRRDGH-NDLEWYLQKPGQSPQPLIYLGSTRASGVPDRFSGSGSGTDFTLKIIRVEAEDAGTYYCMQNKQTP------LTFGQGTRLEI-K--,2.2
5ye3B,QIQLVQSGPELKKPGETVKISCKASGYTFTD--YSMHWVKQAPGKGLKWMGWINT--ATGEPTYADDFKGRFAFSLETSASTAYLQINNLKNEDTATYFCGR------------------DYWGQGTTLTVSS-DIQMIQSPSSLSASLGGKVTITCKASQDIN------KYIAWFQHKPGKGPTLLIYYTSTLQPGIPSRFSGSGSGRHYSFSISNLEPEDIATYYCLQYDNL-------RTFGGGTKLEI-K--,1.7
2j4wH,EVQLVESGGGLVKPGGSLKLSCAASGFIFSD--YYMYWVRQTPEKRLEWVATISD--GNSYTYYVDSVKGRFTISRDNAKNNLYLQMSSLKSEDTAIYYCARDGPTDSSGYGGF------GYWGQGTLVTVS---SVLSQSPAILSASPGEKVTMTCRARSSV-------SYMHWYQQKSGSSPKPWIHATSNLASGVPARFSGSGSGTSYSLTISRVEAEDAATYYCQQWSSHP------PTFGSGTKLEI-K--,2.5
1qkzH,DVKLVESGGGLVKPGRSLKLSCAASGFTFSD--YYMFWVRQTPEQRLEWVATISD--GGAYTYYPDSVKGRFTISRDNAKNNLYLQMNSLKSEDTGMYYCARDPLEYYGM----------DYWGQGTSVAVSS-NIVMTQTPLSLPVSLGDQASISCRSSQSLVHSNGN-TYLHWYLQKPGQSPKLLIYTVSNRFSGVPDRFSGSGSGTDFTLKISRVEAEDLGVYFCSQSTHF-------PTFGGGTKLEI-K--,1.95
1vgeH,---LEQSGAEVKKPGASVKVSCKASGYSFTS--YGLHWVRQAPGQRLEWMGWISA--GTGNTKYSQKFRGRVTFTRDTSATTAYMGLSSLRPEDTAVYYCARDPYGGGKSEF--------DYWGQGTLVTVSS-ELVMTQSPSSLSASVGDRVNIACRASQGIS------SALAWYQQKPGKAPRLLIYDASNLESGVPSRFSGSGSGTDFTLTISSLQPEDFAIYYCQQFNSYP------LTFGGGTKVEI-K--,2.0
5ye4A,QIQLVQSGPELKKPGETVKISCKASGYTFTD--YSMHWVKQAPGKGLKWMGWINT--ETGEPTYADDFKGRFAFSLETSATTAYLQINNLKNEDTATYFCGR------------------DYWGQGTTLTVSS-DIQMTQSPSSLSASLGDKVTITCRASQDIN------NYIAWFQHKPGKGPRLLIYYTSTLQPGIPSRFSGSGSGRDYSFSIRNLEPEDIATYYCLQYDNL-------RTFGGGTKLEI-K--,1.799
5ye4C,QIQLVQSGPELKKPGETVKISCKASGYTFTD--YSMHWVKQAPGKGLKWMGWINT--ETGEPTYADDFKGRFAFSLETSATTAYLQINNLKNEDTATYFCGR------------------DYWGQGTTLTVSS-DIQMTQSPSSLSASLGDKVTITCRASQDIN------NYIAWFQHKPGKGPRLLIYYTSTLQPGIPSRFSGSGSGRDYSFSIRNLEPEDIATYYCLQYDNL-------RTFGGGTKLEI-K--,1.799
3ujiH,QVQLVQSAAEVKKPGEALKISCKGSGYSFSN--YWIAWVRQMPGKGLEWMGIVYP--DDSDSSYNSSFQGQITFSADKSISTAYLHWTSLQASDTAMYYCARLGFEGDYSGSFF------DYWGQGTLLIVSS--YELTQPPS-VSVSPGQTASITCSGDILGD------KYVSWYQQKSGQSPLLVIYEDTKRPSGIPDRFSGSKSGNTATLTISGTQAMDEADYYCQAWDSTLG-----VVFGGGTKVTV-L--,1.6
5vk6A,QVQLQQPGAELVKPGASVKLSCKASGYTFTS--DWIHWVKQRPGHGLEWIGEIIP--SYGRANYNEKIQKKATLTADKSSSTAFMQLSSLTSEDSAVYYCARERGDGYF-----------AVWGAGTTVTVSS-DILLTQSPAILSVSPGERVSFSCRASQSIG------TDIHWYQQRTNGSPRLLIKYASESISGIPSRFSGSGSGTDFTLSINSVESEDIANYYCQQSNRWP------FTFGSGTKLEI-K--,2.25
1hh9B,--QLQQSGAELVRPGASVKLSCKALGYIFTD--YEIHWVKQTPVHGLEWIGGIHP--GSSGTAYNQKFKGKATLTADKSSTTAFMELSSLTSEDSAVYYCTRK-----------------DYWGQGTLVTVSA-DIKMTQSPSSMYTSLGERVTITCKASQDIN------SFLTWFLQKPGKSPKTLIYRANRLMIGVPSRFSGSGSGQTYSLTISSLEYEDMGIYYCLQYDDFP------LTFGAGTKLDL-K--,2.7
1mh5H,-VQLQQPGAELVKPGASVKLSCKASGYTFTS--NWINWVKQRPGQGLEWIGNIYP--DSYRTNYNEKFKRKATLTVDTSSSTAYMQLSSLTSDDSAVYYCVRKHYSYDGV----------VYWGQGTLVTVSA-DIVMTQAAPSVSVTPGESVSISCRSSKSLLHSNGN-TYLYWFLQRPGQSPQLLIYRMSNLASGVPDRFSGSGSGTAFTLRISRVEAEDVGVYYCLQHLEYP------FTFGAGTKLEL-K--,2.1
1mh5B,-VQLQQPGAELVKPGASVKLSCKASGYTFTS--NWINWVKQRPGQGLEWIGNIYP--DSYRTNYNEKFKRKATLTVDTSSSTAYMQLSSLTSDDSAVYYCVRKHYSYDGV----------VYWGQGTLVTVSA-DIVMTQAAPSVSVTPGESVSISCRSSKSLLHSNGN-TYLYWFLQRPGQSPQLLIYRMSNLASGVPDRFSGSGSGTAFTLRISRVEAEDVGVYYCLQHLEYP------FTFGAGTKLEL-K--,2.1
5fcsH,EVQLVQSGAEVKKPGASVKVSCKASGYTFTS--YGISWVRQAPGQGLEWMGWISA--YNGNTNYAQKLQGRVTMTTDTSTSTAYMELRSLRSDDTAVYYCATIDTASAF-----------DIWGQGTMVTVSS-QAVVTQEPS-LTVSPGGTVTLTCRSSTGAVTTS---NYANWVQQKPGQAPRGLIGGTNKRAPWTPARFSGSLLGGKAALTITGAQAEDEADYYCALWYSNL------WVFGGGTKLTV-L--,2.01
5fcsL,EVQLVESGGGLVQPGGSLRLSCAASGFTFNT--YAMNWVRQAPGKGLEWVARIRSKYNNYATYYADSVKDRFTISRDDSKNSLYLQMNSLKTEDTAVYYCVRHGNFGNSYVSWF------AYWGQGTLVTVSS--SVLTQPPS-VSAAPGQKVTISCSGSSSNIGN----NYVSWYQQLPGTAPKLLIYDNNKRPSGIPDRFSGSKSGTSATLGITGLQTGDEADYYCGTWDSSLSA----VVFGGGTKLTV-L--,2.01
4kq3H,-VQLVQSGAEVKKPGSSVKVSCKASGGTFSS--YAISWVRQAPGQGLEWMGSIIP--WFGTTNYAQKFQGRVTITADESTSTAYMELSSLRSEDTAVYYCARDSEYYF------------DHWGQGTLVTVSS-DIQMTQSPSSVSASVGDRVTITCRASQGIS------NWLNWYQQKPGKAPKLLIYAASSLQSGVPSRFSGSGSGTDFTLTISSLQPEDFATYYCQQYSDD-------PTFGQGTKVEI-K--,1.92
4kq4H,QVQLQQSGAELVRPGVSVRISCKGSGYTFTD--YAMHWVKQSHAKSLEWIGVIST--YSGDARFNQKFTGKATMTVDKSSSTAYMELARLTSEDSAIYYCAREVRRSM------------DYWGQGTSVTVSS-DIVMTQSHKFMSTSVGDRVSITCKASQDVS------TAVAWYQQKPGQSPKLLIYWASTRHTGVPDRFTGSGSGTDYTLTISSVQAEDLALYYCQQHYSTP------YTFGGGTKLEI-K--,2.45
5y9kH,-VQLQQSGAEVKKPGSSVRVSCKASGGTFNN--NAINWVRQAPGQGLEWMGGIIP--MFGTAKYSQNFQGRVAITADESTGTASMELSSLRSEDTAVYYCARSRDLLLFPHHAL------SPWGRGTMVTVSS---ELTQDPA-VSVALGQTVRVTCQGDSLRS------YYASWYQQKPGQAPVLVIYGKNNRPSGIPDRFSGSSSGNTASLTITGAQAEDEADYYCSSRDSSGNH----WVFGGGTELTV-L--,1.9
6xzwH,QVQLVQSGGGLVKPGGSLRLSCAASGFPFSS--YYMSWIRQAPGKGLEWVSDINN--SGNVKEYADFVKGRLTISRDNVKNSMYLHMNSLRVEDTAVYYCARNRGRF-------------DVWGQGTLVTVSA-EIVMTQSPGTLSLSPGETATLSCRASQMISS-----PFLAWYQQRRGQAPRLLIYGASTRATDTPDRFRGSGSGTDFILTISRLEPEDFAVYYCQYYDDSP------FTFGQGTKLEI-K--,2.4
3x3fH,QVQLVQSGAEMKKPGASVKVSCKTSGYTFTN--YKINWVRQAPGQGLEWMGWMNP--DTDSTGYPQKFQGRVTMTRNTSISTAYMELSSLRSEDTAVYYCARSYGSGSYYRDYYYGM---DVWGQGTTVTVSS-EIVLTQSPATLSLSPGERATLSCRASQSVS------SYLAWYQQKPGQAPRLLIYDASNRATGIPARFSGSGSGTDFTLTISSLEPEDFAVYYCQQRSNWP------LTFGGGTKVEI-K--,2.1
3x3gH,QVQLVQSGAEMKKPGASVKVSCKTSGYTFTN--YKINWVRQAPGQGLEWMGWMNP--DTDSTGYPQKFQGRVTMTRNTSISTAYMELSSLRSEDTAVYYCARSYGSGSYYRDYYYGM---DVWGQGTTVTVSS-EIVLTQSPATLSLSPGERATLSCRASQSVS------SYLAWYQQKPGQAPRLLIYDASNRATGIPARFSGSGSGTDFTLTISSLEPEDFAVYYCQQRSNWP------LTFGGGTKVEI-K--,2.51
1pg7I,EVQLVESGGGLVQPGGSLRLSCAASGFNIKE--YYMHWVRQAPGKGLEWVGLIDP--EQGNTIYDPKFQDRATISADNSKNTAYLQMNSLRAEDTAVYYCARDTAAYF------------DYWGQGTLVTVSS-DIQMTQSPSSLSASVGDRVTITCRASRDIK------SYLNWYQQKPGKAPKVLIYYATSLAEGVPSRFSGSGSGTDYTLTISSLQPEDFATYYCLQHGESP------WTFGQGTKVEI-K--,2.5
1pg7Z,EVQLQQSGPELVKPGASVKISCKASGYSFTG--HLLNWVKQSHGKNLEWIGLVHP--HNGAITYNQKFKDKATLTVDRSSTTAYIELVRLTSNDSAVYYCAREDFRYHYSM---------DYWGQGTSVTVSS-QAVVTQESA-LTSSPGETVTLTCRSSTGAVTTS---NYANWVQEKPDHLFTGVIGGTNNRAPGVPARFSGSLIGDKAALTITGAQTEDEAIYFCALWYSNH------WVFGGGTKLTV-L--,2.5
1pg7H,EVQLVESGGGLVQPGGSLRLSCAASGFNIKE--YYMHWVRQAPGKGLEWVGLIDP--EQGNTIYDPKFQDRATISADNSKNTAYLQMNSLRAEDTAVYYCARDTAAYF------------DYWGQGTLVTVSS-DIQMTQSPSSLSASVGDRVTITCRASRDIK------SYLNWYQQKPGKAPKVLIYYATSLAEGVPSRFSGSGSGTDYTLTISSLQPEDFATYYCLQHGESP------WTFGQGTKVEI-K--,2.5
1pg7X,EVQLQQSGPELVKPGASVKISCKASGYSFTG--HLLNWVKQSHGKNLEWIGLVHP--HNGAITYNQKFKDKATLTVDRSSTTAYIELVRLTSNDSAVYYCAREDFRYHYSM---------DYWGQGTSVTVSS-QAVVTQESA-LTSSPGETVTLTCRSSTGAVTTS---NYANWVQEKPDHLFTGVIGGTNNRAPGVPARFSGSLIGDKAALTITGAQTEDEAIYFCALWYSNH------WVFGGGTKLTV-L--,2.5
2atkA,QVQLQQPGAELVKPGASVKLSCKASGYTFTS--DWIHWVKQRPGHGLEWIGEIIP--SYGRANYNEKIQKKATLTADKSSSTAFMQLSSLTSEDSAVYYCARERGDGYF-----------AVWGAGTTVTVSS-DILLTQSPAILSVSPGERVSFSCRASQSIG------TDIHWYQQRTNGSPRLLIKYASESISGIPSRFSGSGSGTDFTLSINSVESEDIANYYCQQSNRWP------FTFGSGTKLEI-K--,2.5
1i9iH,EVKLVESGGGLVKPGGSLKLSCAASGFTFST--YALSWVRQTADKRLEWVASIVS--G-GNTYYSGSVKGRFTISRDIARNILYLQMSSLRSEDTAMYYCAREYYGYVGL----------AYWGQGTLVTVS--DVVVTQTPLSLPVSLGDQASISCRSSQSIVHSNGN-SYLEWYLQKPGQSPKLLIYKVSNRFSGVPDRFSGSGSGTDFTLKISRVEAEDLGVYYCFQGSHVP------PTFGGGTKLEI-K--,2.72
1n0xK,QVQLVQSGAEVKKPGASVKVSCQASGYRFSN--FVIHWVRQAPGQRFEWMGWINP--YNGNKEFSAKFQDRVTFTADTSANTAYMELRSLRSADTAVYYCARVGPYSWDDSPQDNYYM--DVWGKGTTVIVSS-EIVLTQSPGTLSLSPGERATFSCRSSHSIRS-----RRVAWYQHKPGQAPRLVIHGVSNRASGISDRFSGSGSGTDFTLTITRVEPEDFALYYCQVYGASS------YTFGQGTKLER-K--,1.8
1n0xH,QVQLVQSGAEVKKPGASVKVSCQASGYRFSN--FVIHWVRQAPGQRFEWMGWINP--YNGNKEFSAKFQDRVTFTADTSANTAYMELRSLRSADTAVYYCARVGPYSWDDSPQDNYYM--DVWGKGTTVIVSS-EIVLTQSPGTLSLSPGERATFSCRSSHSIRS-----RRVAWYQHKPGQAPRLVIHGVSNRASGISDRFSGSGSGTDFTLTITRVEPEDFALYYCQVYGASS------YTFGQGTKLER-K--,1.8
1i9jH,EVKLVESGGGLVKPGGSLKLSCAASGFTFST--YALSWVRQTADKRLEWVASIVS--G-GNTYYSGSVKGRFTISRDIARNILYLQMSSLRSEDTAMYYCAREYYGYVGL----------AYWGQGTLVTVS--DVVVTQTPLSLPVSLGDQASISCRSSQSIVHSNGN-SYLEWYLQKPGQSPKLLIYKVSNRFSGVPDRFSGSGSGTDFTLKISRVEAEDLGVYYCFQGSHVP------PTFGGGTKLEI-K--,2.6
5vebH,QVQLLESGGGLVQPGGSLRLSCAASGFTFSS--HGMHWVRQAPGKGLEWVSVISG--SGSNTGYADSVKGRFTISRDNSKNTLYLQMNSLRAEDTAVYYCARQWGSYAF-----------DSWGQGTLVTVSS-DIQMTQSPSSLSASVGDRVTITCRASQSIS------SYLNWYQQKPGKAPKLLIYAVSTLQSGVPSRFSGSGSGTDFTLTISSLQPEDFATYYCQQSGTFPP-----TTFGQGTKVEI-K--,2.34
5vebA,QVQLLESGGGLVQPGGSLRLSCAASGFTFSS--HGMHWVRQAPGKGLEWVSVISG--SGSNTGYADSVKGRFTISRDNSKNTLYLQMNSLRAEDTAVYYCARQWGSYAF-----------DSWGQGTLVTVSS-DIQMTQSPSSLSASVGDRVTITCRASQSIS------SYLNWYQQKPGKAPKLLIYAVSTLQSGVPSRFSGSGSGTDFTLTISSLQPEDFATYYCQQSGTFPP-----TTFGQGTKVEI-K--,2.34
5f96H,QVRLAQYGGGVKRLGATMTLSCVASGYTFND--YYIHWVRQAPGQGFELLGYIDP--ANGRPDYAGALRERLSFYRDKSMETLYMDLRSLRYDDTAMYYCVRNVGTAGSLLHY-------DHWGSGSPVIVSS-EIVLTQSPATLSASPGERVTLTCRASRSVR------NNVAWYQHKGGQSPRLLIYDASTRAAGVPARFSGSASGTEFTLAISNLESEDFTVYFCLQYNNW-------WTFGQGTRVDI-K--,2.2407
6bhzI,EVQLVESGGGLVQPGGSLRLSCAASGFNIKD--TYIHWVRQAPGKGLEWVARIYP--TNGYTRYADSVKGRFTISADTSKNTAYLQMNSLRAEDTAVYYCSRW------AM---------DYWGQGTLVTVSS-DIQMTQSPSSLSASVGDRVTITCRASQDVN------TAVAWYQQKPGKAPKLLIYSASFLYSGVPSRFSGSRSGTDFTLTISSLQPEDFATYYCQQHYTTP------PTFGQGTKVEI-K--,1.75
6bhzH,EVQLVESGGGLVQPGGSLRLSCAASGFNIKD--TYIHWVRQAPGKGLEWVARIYP--TNGYTRYADSVKGRFTISADTSKNTAYLQMNSLRAEDTAVYYCSRWGGDGFYAM---------DYWGQGTLVTVSS-DIQMTQSPSSLSASVGDRVTITCRASQDVN------TAVAWYQQKPGKAPKLLIYSASFLYSGVPSRFSGSRSGTDFTLTISSLQPEDFATYYCQQHYTTP------PTFGQGTKVEI-K--,1.75
1clyH,EVNLVESGGGLVQPGGSLKVSCVTSGFTFSD--YYMYWVRQTPEKRLEWVAYISQ--GGDITDYPDTVKGRFTISRDNAKNSLYLQMSRLKSEDTAMYYCARGLDDGAWF----------AYWGQGTLVTVS----LMTQIPVSLPVSLGDQASISCRSSQIIVHNNGN-TYLEWYLQKPGQSPQLLIYKVSNRFSGVPDRFSGSGSGTDFTLKISRVEAEDLGVYYCFQGSHVP------FTFGSGTKLEI-K--,2.5
3go1H,-VQLQESGPGLVKPSETLSLTCTVSGGPINN--AYWTWIRQPPGKGLEYLGYVYHT-G--VTNYNPSLKSRLTITIDTSRKQLSLSLKFVTAADSAVYYCAREWAEDGDFGNAF------HVWGQGTMVAVSS-SYVLTQPPS-VSVSPGQTARITCSAEALSN------QYAYWYRQRPGQAPLLIIYKDTKRPSGIPERFSGSTSGTTVTLTISGVQAEDEADYYCQSADSSGD-----YVFGGGTKVTV-L--,1.89
5ukpH,-VQLQESGPGLVKPSETLSLTCAVSGGSIGDD-YYWNWIRQPPGKGLEWIGSIYG--SFGGTNYNPSLKSRVTISMDTSKNQFSLNLSSVTAADTAVYYCARGSYNIVVLFGYYF-----DYWGQGVLVTVSS---ALTQPPS-VSKSLGQSVTISCSGTSSDIGAY---NGVSWYQHHSGTAPRLLIYEVSKRPSGVSDRFSGSKSGNTASLTISGLQAEDEADYYCGSYRSGST-----WVFGGGTRLTV-L--,2.0
4louC,EVRLLESGGGLVQPGGSLKLSCAASGFDYSR--YWMSWVRQAPGKGLKWIGEINP--VSSTINYTPSLKDKFIISRDNAKDTLYLQISKVRSEDTALYYCARLYYGYGYWYF--------DVWGAGTTVTVSS-DIVLTQSPAIMSAAPGDKVTMTCSASSSV-------SYIHWYQQKSGTSPKRWIYDTSKLTSGVPVRFSGSGSGTSYSLTINTMEAEDAATYYCQQWSSHP------QTFGGGTKLEI----,2.981
4louE,-VRLLESGGGLVQPGGSLKLSCAASGFDYSR--YWMSWVRQAPGKGLKWIGEINP--VSSTINYTPSLKDKFIISRDNAKDTLYLQISKVRSEDTALYYCARLYYGYGYWYF--------DVWGAGTTVTVSS-DIVLTQSPAIMSAAPGDKVTMTCSASSSV-------SYIHWYQQKSGTSPKRWIYDTSKLTSGVPVRFSGSGSGTSYSLTINTMEAEDAATYYCQQWSSHP------QTFGGGTKLEI----,2.981
5ukoH,-VQLQESGPGLVKPSETLSLTCAVSGGSIGDD-YYWNWIRQPPGKGLEWIGSIYG--SFGGTNYNPSLKNRVTISMDTSKNQFSLKLSSVTAADTAVYYCARGSYNIVVLFGYYF-----DYWGQGVLVTVSS--SALTQPPS-VSKSLGQSVTISCSGTSSDIGAY---NGVSWYQHHSGTAPRLLIYEVSKRPSGVSDRFSGSKSGNTASLTISGLQAEDEADYYCGSYRSGST-----WVFGGGTRLTV-L--,2.3
5uknH,QVQLQESGPGLVKPSETLSLTCAVSGGSISDD-YYWSWIRQPPGKGLEWIGYIYG--SGGGTNYNPSLKNRVTISIDTSKNQFSLKLSSVTAADTAVYYCARGSYNIVVLFGYYF-----DYWGQGVLVTVSS---ALTQPPS-VSKSLGQSVTISCTGTSSDIGGY---NGVSWYQQHSGTAPRLLIYEVSKRPSGVSDRFSGSKSGNTASLTISGLQAEDEADYYCGSYRSGST-----WVFGGGTRLTV-L--,1.75
3cfjF,EVKLLESGGGLAQPGGSLKLSCAASGFDFRR--YWMTWVRQAPGKGLEWIGEINP--DSRTINYMPSLKDKFIISRDNAKNSLYLQLSRLRSEDSALYYCVRLDFDVYNHYYVL------DYWGQGTSVTVSS---VVTQESA-LTTSPGETVTLTCRSSSGAVTTS---NYATWVQEKPDHLFTGLIGGTNKRAPGVPARFSGSLIGDRAALTITGAQTEDEAIYFCALWNSNH------LVFGGGTKLE-----,2.6
3cfjB,EVKLLESGGGLAQPGGSLKLSCAASGFDFRR--YWMTWVRQAPGKGLEWIGEINP--DSRTINYMPSLKDKFIISRDNAKNSLYLQLSRLRSEDSALYYCVRLDFDVYNHYYVL------DYWGQGTSVTVSS---VVTQESA-LTTSPGETVTLTCRSSSGAVTTS---NYATWVQEKPDHLFTGLIGGTNKRAPGVPARFSGSLIGDRAALTITGAQTEDEAIYFCALWNSNH------LVFGGGTKLE-----,2.6
3cfjH,EVKLLESGGGLAQPGGSLKLSCAASGFDFRR--YWMTWVRQAPGKGLEWIGEINP--DSRTINYMPSLKDKFIISRDNAKNSLYLQLSRLRSEDSALYYCVRLDFDVYNHYYVL------DYWGQGTSVTVSS---VVTQESA-LTTSPGETVTLTCRSSSGAVTTS---NYATWVQEKPDHLFTGLIGGTNKRAPGVPARFSGSLIGDRAALTITGAQTEDEAIYFCALWNSNH------LVFGGGTKLE-----,2.6
3cfjD,EVKLLESGGGLAQPGGSLKLSCAASGFDFRR--YWMTWVRQAPGKGLEWIGEINP--DSRTINYMPSLKDKFIISRDNAKNSLYLQLSRLRSEDSALYYCVRLDFDVYNHYYVL------DYWGQGTSVTVSS---VVTQESA-LTTSPGETVTLTCRSSSGAVTTS---NYATWVQEKPDHLFTGLIGGTNKRAPGVPARFSGSLIGDRAALTITGAQTEDEAIYFCALWNSNH------LVFGGGTKLE-----,2.6
3k2uH,EVQLVESGGGLVQPGGSLRLSCAASGFTING--TYIHWVRQAPGKGLEWVGGIYP--AGGATYYADSVKGRFTISADTSKNTAYLQMNSLRAEDTAVYYCAKWWAWPAF-----------DYWGQGTLVTVSS-DIQMTQSPSSLSASVGDRVTITCRASQDVS------TAVAWYQQKPGKAPKLLIYSASFLYSGVPSRFSGSGSGTDFTLTISSLQPEDFATYYCQQSNRAP------ATFGQGTKVEI-K--,2.35
1cloH,EVKLVESGGGLVQPGGSLRLSCATSGFTFTD--YYMNWVRQPPGKALEWLGFIGNKANGYTTEYSASVKGRFTISRDKSQSILYLQMNTLRAEDSATYYCTRDRGLRFYF----------DYWGQGTTLTVSS--TVLSQSPAILSASPGEKVTMTCRASSSV-------TYIHWYQQKPGSSPKSWIYATSNLASGVPARFSGSGSGTSYSLTISRVEAEDAATYYCQHWSSKP------PTFGGGTKLEI-K--,2.1
3eotH,EVQLVESGGGLVQPGGSLRLSCAASGFTFSR--YTMSWVRQAPGKGLEWVATISG--G-GHTYYLDSVKGRFTISRDNSKNTLYLQMNSLRAEDTAVYYCTRGFGDGGYF----------DVWGQGTLVTVSS-QIQLTQSPSSLSASVGDRVTITCSASSSVNS-----SALFWYQQKPGKAPKPWIYLTSNLASGVPSRFSGSGSGTDYTLTISSLQPEDFATYYCQQISGNP------WTFGQGTKVEI-K--,1.9
5vyfB,-VQLVESGGGLVQPGGSLRLSCAASGFTFSS--YAMSWVRQAPGKGLEWVSAISG--RGYNADYADSVKGRFTISRDNSKNTLYLQMNSLRAEDTAVYYCAKLEYF--------------DYWGQGTLVTVSS-DIQMTQSPSTLSASVGDRVTITCRASQSIS------SWLAWYQQKPGKAPKLLIYKASSLESGVPSRFSGSGSGTDFTLTISSLRPEDFATYYCQQYNSYP------LTFGGGTKVEI-K--,2.9
5vyfH,EVQLVESGGGLVQPGGSLRLSCAASGFTFSS--YAMSWVRQAPGKGLEWVSAISG--RGYNADYADSVKGRFTISRDNSKNTLYLQMNSLRAEDTAVYYCAKLEYF--------------DYWGQGTLVTVSS-DIQMTQSPSTLSASVGDRVTITCRASQSIS------SWLAWYQQKPGKAPKLLIYKASSLESGVPSRFSGSGSGTDFTLTISSLRPEDFATYYCQQYNSYP------LTFGGGTKVEI-K--,2.9
3mnzB,QIQLVQSGPELKKPGETVKISCKASGYTFTD--YSVHWVKQVP--GLKWMGWINT--ETGEPTYADDFKGRFAFSLESSASTAYLEIHNLKNEDTATYFCALGW----------------LHWGLGTTLTVSS-DIQLTQSPSSLAMSGGQKVTMRCKSSQSLLNSRNERNYLAWYQQKPGQSPKLLVYFASIRESGVPDRFIGSGSGTDFTLTISSVQAEDLADYFCLQHYNTP------WTFGGGTKLEI-K--,1.8
2r56I,QVSLRESGGGLVQPGRSLRLSCTASGFTFRH--HGMTWVRQAPGKGLEWVASLSG--SGTKTHFADSVKGRFTISRDNSNNTLYLQMDNVRDEDTAIYYCAKAKRVGATGYF--------DLWGRGTLVTVSS-DIVMTQSPSSLSASVGDRVTITCRASQGIS------SRLAWYQQKPGKAPKLLIYAASSLQSGVPSRFSGSGSGTEFTLTISSLQPEDFATYYCQQYHSYP------WTFGQGTKLEI-K--,2.8
2r56H,QVSLRESGGGLVQPGRSLRLSCTASGFTFRH--HGMTWVRQAPGKGLEWVASLSG--SGTKTHFADSVKGRFTISRDNSNNTLYLQMDNVRDEDTAIYYCAKAKRVGATGYF--------DLWGRGTLVTVSS-DIVMTQSPSSLSASVGDRVTITCRASQGIS------SRLAWYQQKPGKAPKLLIYAASSLQSGVPSRFSGSGSGTEFTLTISSLQPEDFATYYCQQYHSYP------WTFGQGTKLEI-K--,2.8
4x0kH,QVQLQQSGPEDVKPGASVKISCKASGYSLSTSGMGVNWVKQSPGKGLEWLAHIYW--D-DDKRYNPSLKSRATLTVDKSSSTVYLELRSLTSEDSSVYYCARRGGSSHYYAM--------DYWGQGTTVTVSS-DIVMTQTPSSLPVSLGDQASISCRSSQSIVHSNGN-TYLEWYLQKPGQSPKLLIYKVSNRFSGVPDRFSGSGSGTDFTLKISRVEAEDLGIYYCFQGSLVP------PTFGAGTKLEL-K--,2.04
4x0kA,QVQLQQSGPEDVKPGASVKISCKASGYSLSTSGMGVNWVKQSPGKGLEWLAHIYW--D-DDKRYNPSLKSRATLTVDKSSSTVYLELRSLTSEDSSVYYCARRGGSSHYYAM--------DYWGQGTTVTVSS-DIVMTQTPSSLPVSLGDQASISCRSSQSIVHSNGN-TYLEWYLQKPGQSPKLLIYKVSNRFSGVPDRFSGSGSGTDFTLKISRVEAEDLGIYYCFQGSLVP------PTFGAGTKLEL-K--,2.04
7cu5A,EVQLVESGGGLVQPGGSLRLSCAASGFTFSS--YMMSWVRQAPGKGLEWVATISG--GGANTYYPDSVKGRFTISRDNAKNSLYLQMNSLRAEDTAVYYCARQLYYF-------------DYWGQGTTVTVSS-DIQMTQSPSSLSASVGDRVTITCLASQTIG------TWLTWYQQKPGKAPKLLIYTATSLADGVPSRFSGSGSGTDFTLTISSLQPEDFATYYCQQVYSIP------WTFGGGTKVEI-K--,2.81
7cu5B,EVQLVESGGGLVQPGGSLRLSCAASGFTFSS--YMMSWVRQAPGKGLEWVATISG--GGANTYYPDSVKGRFTISRDNAKNSLYLQMNSLRAEDTAVYYCARQLYYF-------------DYWGQGTTVTVSS-DIQMTQSPSSLSASVGDRVTITCLASQTIG------TWLTWYQQKPGKAPKLLIYTATSLADGVPSRFSGSGSGTDFTLTISSLQPEDFATYYCQQVYSIP------WTFGGGTKVEI-K--,2.81
4n9gM,QVQLQESGPGLVKPSETLSLTCVVSGGSFSS--YYWTWIRQSPGKGLEWIGEMNGN-S-GYTNYNPSLQSRVTISKDASKNQFSLKLTSLTAADTAVYYCARDAIVMVFTDMRGRV----DVWGPGILVTVSS-DIQMSQSPSSLSASVGDTVTITCRASQGIS------NYLAWYQQKPGKAPKSLIYYTSHLESGVPSRFSGSGSGTDFSLTISSLQPEDFATYYCQQHNSYP------RTFGQGTKVEI-K--,2.5
4n9gE,QVQLQESGPGLVKPSETLSLTCVV---SFSS--YYWTWIRQSPGKGLEWIGEMNGN-S-GYTNYNPSLQSRVTISKDA-KNQFSLKLTSLTAADTAVYYCARDAIVMVFTDMRGRV----DVWGPGILVTVSS-DIQMSQSPSSLSASVGDTVTITCRASQGIS------NYLAWYQQKPGKAPKSLIYYTSHLESGVPSRFSGSGSGTDFSLTISSLQPEDFATYYCQQHNSYP------RTFGQGTKVEI-K--,2.5
4n9gA,QVQLQESGPGLVKPSETLSLTCVVSGGSFSS--YYWTWIRQSPGKGLEWIGEMNGN-S-GYTNYNPSLQSRVTISKD---NQFSLKLTSLTAADTAVYYCARDAIVMVFTDMRGRV----DVWGPGILVTVSS-DIQMSQSPSSLSASVGDTVTITCRASQGIS------NYLAWYQQKPGKAPKSLIYYTSHLESGVPSRFSGSGSGTDFSLTISSLQPEDFATYYCQQHNSYP------RTFGQGTKVEI-K--,2.5
4n9gH,QVQLQESGPGLVKPSETLSLTCVVSGGSFSS--YYWTWIRQSPGKGLEWIGEMNGN-S-GYTNYNPSLQSRVTISK---KNQFSLKLTSLTAADTAVYYCARDAIVMVFTDMRGRV----DVWGPGILVTVSS-DIQMSQSPSSLSASVGDTVTITCRASQGIS------NYLAWYQQKPGKAPKSLIYYTSHLESGVPSRFSGSGSGTDFSLTISSLQPEDFATYYCQQHNSYP------RTFGQGTKVEI-K--,2.5
1a7oH,QVQLQESGPGLVAPSQSLSITCTVSGFSLTG--YGVNWVRQPPGKGLEWLGMIWG--D-GNTDYNSALKSRLSISKDNSKSQVFLKMNSLHTDDTARYYCARERDYRL------------DYWGQGTTVTVSS-DIVLTQSPASLSASVGETVTITCRASGNIH------NYLAWYQQKQGKSPQLLVYYTTTLADGVPSRFSGSGSGTQYSLKINSLQPDDFGSYYCQHFWST-------PTFGGGTKLEI-K--,2.0
1a7rH,QVQLQESGPGLVAPSQSLSITCTVSGFSLTG--YGVNWVRQPPGKGLEWLGMIWG--D-GNTDYNSALKSRLSISKDNSKSQVFLKMNSLHTDDTARYYCARERDYRL------------DYWGQGTTLTVSS-DIVLTQSPASLSASVGETVTITCRASGNIH------NYLAWYQQKQGKSPQLLVYYTTTLADGVPSRFSGSGSGTQYSLKINSLQPDDFGSYYCQHFWSTP------RTFGGGTKLEI-K--,2.01
1a7pH,QVQLQESGPGLVAPSQSLSITCTVSGFSLTG--YGVNWVRQPPGKGLEWLGMIWG--D-GNTDYNSALKSRLSISKDNSKSQVFLKMNSLHTDDTARYYCARERDYRL------------DYWGQGTTVTVSS-DIVLTQSPASLSASVGETVTITCRASGNIH------NYLAWYQQKQGKSPQLLVYYTTTLADGVPSRFSGSGSGTQYSLKINSLQPDDFGSYYCQHFWSTS------RTFGGGTKLEI-K--,2.01
6ugaB,QVQLKESGPGLVAPSQSLSITCTVSGFSLNS--YGVSWVRQPPGKGLEWLGVIW---GDGSTNYHSALMSRLRISKDNSKRQVFLKLNSLQTDDTATYYCTKPGSGYAF-----------AYWGQGTLVTVSS-ENVLTQSPAIMSASPGEKVTMTCSASSSVN-------YMHWYQQKSSTSPKLWIYDTSKLASGVPGRFSGSGSGNSYSLTIRTMEAEDVATYFCFQASGYP------LTFGGGTKLEL-K--,2.5
6ugaH,QVQLKESGPGLVAPSQSLSITCTVSGFSLNS--YGVSWVRQPPGKGLEWLGVIW---GDGSTNYHSALMSRLRISKDNSKRQVFLKLNSLQTDDTATYYCTKPGSGYAF-----------AYWGQGTLVTVSS-ENVLTQSPAIMSASPGEKVTMTCSASSSVN-------YMHWYQQKSSTSPKLWIYDTSKLASGVPGRFSGSGSGNSYSLTIRTMEAEDVATYFCFQASGYP------LTFGGGTKLEL-K--,2.5
4wy7H,-VQLVQSGAEVKRPGSSVTVSCKASGGSFST--YALSWVRQAPGRGLEWMGGVIP--LLTITNYAPRFQGRITITADRSTSTAYLELNSLRPEDTAVYYCAREGTTGWGWLGKPIGAF--AHWGQGTLVTVSS-EIVLTQSPGTQSLSPGERATLSCRASQSVGN-----NKLAWYQQRPGQAPRLLIYGASSRPSGVADRFSGSGSGTDFTLTISRLEPEDFAVYYCQQYGQSL------STFGQGTKVEV-K--,2.1
3eo0D,QVQLVQSGAEVKKPGSSVKVSCKASGYTFSS--NVISWVRQAPGQGLEWMGGVIP--IVDIANYAQRFKGRVTITADESTSTTYMELSSLRSEDTAVYYCASTLGLVLDAM---------DYWGQGTLVTVSS--TVLTQSPGTLSLSPGERATLSCRASQSLGS-----SYLAWYQQKPGQAPRLLIYGASSRAPGIPDRFSGSGSGTDFTLTISRLEPEDFAVYYCQQYADSP------ITFGQGTRLEI-K--,1.75
3eo0B,QVQLVQSGAEVKKPGSSVKVSCKASGYTFSS--NVISWVRQAPGQGLEWMGGVIP--IVDIANYAQRFKGRVTITADESTSTTYMELSSLRSEDTAVYYCASTLGLVLDAM---------DYWGQGTLVTVSS--TVLTQSPGTLSLSPGERATLSCRASQSLGS-----SYLAWYQQKPGQAPRLLIYGASSRAPGIPDRFSGSGSGTDFTLTISRLEPEDFAVYYCQQYADSP------ITFGQGTRLEI-K--,1.75
6h3hA,QVQLQQSAAELARPGASVKMSCKASGYTFTR--YTMHWIKQRPGQGLEWIGYINP--SSGYTEYNQKFRDKTTLTADKSSSTAYMQLSSLTSEDSAVYYCARGDYRYGGT----------AYWGQGTLVTVSA-QAVVTQESA-LTTSPGETVTLTCRSSTGAVTTS---NYANWVQEKPDHLFTGLIGGTNNRAPGVPARFSGSLIGDKAALTITGAQTEDEAIYFCALWYSNH------WVFGGGTKLTV-L--,1.92
6h3hC,QVQLQQSAAELARPGASVKMSCKASGYTFTR--YTMHWIKQRPGQGLEWIGYINP--SSGYTEYNQKFRDKTTLTADKSSSTAYMQLSSLTSEDSAVYYCARGDYRYGGT----------AYWGQGTLVTVSA-QAVVTQESA-LTTSPGETVTLTCRSSTGAVTTS---NYANWVQEKPDHLFTGLIGGTNNRAPGVPARFSGSLIGDKAALTITGAQTEDEAIYFCALWYSNH------WVFGGGTKLTV-L--,1.92
3eo9H,EVQLVESGGGLVQPGGSLRLSCAASGYSFTG--HWMNWVRQAPGKGLEWVGMIHP--SDSETRYNQKFKDRFTISVDKSKNTLYLQMNSLRAEDTAVYYCARGIYFYGTTYF--------DYWGQGTLVTVSS-DIQMTQSPSSLSASVGDRVTITCRASKTIS------KYLAWYQQKPGKAPKLLIYSGSTLQSGVPSRFSGSGSGTDFTLTISSLQPEDFATYYCQQHNEYP------LTFGQGTKVEI-K--,1.8
5xcuD,EVKLVESGGDLVKPGGSLKLSCAASGFTFSS--YGMSWVRQTPDKRLEWVATISR--GGSYTYYPDSVKGRFTISRDNAKNTLYLQMSSLKSEDTAMYYCARRETYDEKGF---------AYWGQGTTVTVCS-DIELTQSPSSLTVTAGEKVTMSCKSSQSLLNSGNQKNYLTWYQQKPGQPPKLLIYWASTRESGVPDRFTGSGSGRDFTLTISSVQAEDLAVYYCQNDNSHP------LTFGAGTKLEL----,2.454
5xcuA,EVKLVESGGDLVKPGGSLKLSCAASGFTFSS--YGMSWVRQTPDKRLEWVATISR--GGSYTYYPDSVKGRFTISRDNAKNTLYLQMSSLKSEDTAMYYCARRETYDEKGF---------AYWGQGTTVTVCS-DIELTQSPSSLTVTAGEKVTMSCKSSQSLLNSGNQKNYLTWYQQKPGQPPKLLIYWASTRESGVPDRFTGSGSGRDFTLTISSVQAEDLAVYYCQNDNSHP------LTFGAGTKLEL-K--,2.454
5xcrD,QIQLVQSGPEVQKPGETVRISCKASGYTFTT--AGMQWVQKMPGKSLKWIGWINT--RSGVPKYAEDFKGRFAFSLETSASIAYLHINNLKNEDTATYFCAREGPGF-------------VYWGQGTLVTVS--QTVVTQESA-LTTSPGETVTLTCRSSTGAVTTS---NYANWVQEKPDHLFTGLIVGTNNRVPGVPPRFSGSLIEDKAALTITGAQTEDEAIYFCALWYSNH------WVFGGGTKLTV-L--,1.75
5xcrA,QIQLVQSGPEVQKPGETVRISCKASGYTFTT--AGMQWVQKMPGKSLKWIGWINT--RSGVPKYAEDFKGRFAFSLETSASIAYLHINNLKNEDTATYFCAREGPGF-------------VYWGQGTLVTVSS-QTVVTQESA-LTTSPGETVTLTCRSSTGAVTTS---NYANWVQEKPDHLFTGLIVGTNNRVPGVPPRFSGSLIEDKAALTITGAQTEDEAIYFCALWYSNH------WVFGGGTKLTV-L--,1.75
5xcsA,EVKLVESGGDLVKPGGSLKLSCAASGFTFSS--YGMSWVRQTPDKRLEWVATISR--GGSYTYYPDSVKGRFTISRDNAKNTLYLQMSSLKSEDTAMYYCARRETYDEKGF---------AYWGQGTTVTVSS-DIELTQSPSSLTVTAGEKVTMSCKSSQSLLNSGNQKNYLTWYQQKPGQPPKLLIYWASTRESGVPDRFTGSGSGRDFTLTISSVQAEDLAVYYCQNDNSHP------LTFGAGTKLEL-K--,2.2
6h3tI,EVQLQQSGPELVKPGASVKVSCKASGYSFTD--YNMCWVKQSHGKSLEWIGYIDP--YNGLTSYNPKFKGKATLTVDKSSSTAFMHLNSLTSEDSAVYYCARNYYGRSYAM---------DYWGQGTSVTV---DIVMTQAASSLAVSVGEKVTMSCKSSQSLLYSSNQKNYLAWYQQKPGQSPKLLIYWASTRESGVPDRFTGSGSGTDFTLTISSVKAEDLAVYYCQQYYSFP------PTFGGGTKLEI-K--,2.836
6h3tH,EVQLQQSGPELVKPGASVKVSCKASGYSFTD--YNMCWVKQSHGKSLEWIGYIDP--YNGLTSYNPKFKGKATLTVDKSSSTAFMHLNSLTSEDSAVYYCARNYYGRSYAM---------DYWGQGTSVTV---DIVMTQAASSLAVSVGEKVTMSCKSSQSLLYSSNQKNYLAWYQQKPGQSPKLLIYWASTRESGVPDRFTGSGSGTDFTLTISSVKAEDLAVYYCQQYYSFP------PTFGGGTKLEI-K--,2.836
6x3tJ,-VQLQQSGAELVKPGASVKLSCTASGFNIKD--TYMYWVKQRPEQGLEWIGRIDP--ANGDTKYDPKFQGKATITTDTFSNTAYLQLSSLTSEDTAVYYCARKGLRWAM-----------DYWGQGTSVTVS--NIVMTQSPKSMSMSVGERVTLSCKASEYVG------TYVSWYQQKPEQSPKLLIYGASNRYTGVPDRFTGSGSATDFTLTIGSVQAEDLADYHCGQSYSY-------PTFGAGTKLEL----,2.55
6x3tK,-VQLQQSGAELVKPGASVKLSCTASGFNIKD--TYMYWVKQRPEQGLEWIGRIDP--ANGDTKYDPKFQGKATITTDTFSNTAYLQLSSLTSEDTAVYYCARKGLRWAM-----------DYWGQGTSVTVST-NIVMTQSPKSMSMSVGERVTLSCKASEYVG------TYVSWYQQKPEQSPKLLIYGASNRYTGVPDRFTGSGSATDFTLTIGSVQAEDLADYHCGQSYSY-------PTFGAGTKLEL-K--,2.55
6x3xJ,-VQLQQSGAELVKPGASVKLSCTASGFNIKD--TYMYWVKQRPEQGLEWIGRIDP--ANGDTKYDPKFQGKATITTDTFSNTAYLQLSSLTSEDTAVYYCARKGLRWAM-----------DYWGQGTSVTVS--NIVMTQSPKSMSMSVGERVTLSCKASEYVG------TYVSWYQQKPEQSPKLLIYGASNRYTGVPDRFTGSGSATDFTLTIGSVQAEDLADYHCGQSYSY-------PTFGAGTKLEL----,2.92
6x3xK,-VQLQQSGAELVKPGASVKLSCTASGFNIKD--TYMYWVKQRPEQGLEWIGRIDP--ANGDTKYDPKFQGKATITTDTFSNTAYLQLSSLTSEDTAVYYCARKGLRWAM-----------DYWGQGTSVTVST-NIVMTQSPKSMSMSVGERVTLSCKASEYVG------TYVSWYQQKPEQSPKLLIYGASNRYTGVPDRFTGSGSATDFTLTIGSVQAEDLADYHCGQSYSY-------PTFGAGTKLEL-K--,2.92
3ijhD,EVMLVESGGGLVQPGNSLRLSCATSGFTFTD--YYMSWVRQPPGKALEWLGFIRNKAKGYTTEYSASVKGRFTISRDNSQSILYLQMNTLRAEDSATYYCARDISPSYGVYYEGF-----AYWGQGTLVTVS---IVMTQSPSSLAVSAGEKVTMSCKSSQSLLNSRTRKNYLAWYQQKPGQSPKLLIYWASTRESGVPDRFTGSGSGTDFTLTISSVQAEDLAVYYCKQSNNL-------RTFGGGTKLEI-K--,2.1
3ijhB,EVMLVESGGGLVQPGNSLRLSCATSGFTFTD--YYMSWVRQPPGKALEWLGFIRNKAKGYTTEYSASVKGRFTISRDNSQSILYLQMNTLRAEDSATYYCARDISPSYGVYYEGF-----AYWGQGTLVTVS---IVMTQSPSSLAVSAGEKVTMSCKSSQSLLNSRTRKNYLAWYQQKPGQSPKLLIYWASTRESGVPDRFTGSGSGTDFTLTISSVQAEDLAVYYCKQSNNL-------RTFGGGTKLEI-K--,2.1
5dtfA,----EESGGRLVTPGTPLTLTCTVSACSLYH--CTMNWVRQAPGKGLEWIGDIY---TDGNTYYANWAKGRFTISKTST--TVDLKITSPTTEDTATYFCARDSWDASSYYGL-------DLWGQGTLVTVSS----MTQTPSSVSAAVGGTVTINCQASEDIK------RYLAWYQQKPGQPPKLLIYAASKLASGVSSRFKGSGSGTEYTLTISGVQCDDAATYYCQQGYTSSNVN---NAFGGGTEVVV-K--,1.9
5dtfH,----EESGGRLVTPGTPLTLTCTVSACSLYH--CTMNWVRQAPGKGLEWIGDIY---TDGNTYYANWAKGRFTISKTST--TVDLKITSPTTEDTATYFCARDSWDASSYYGL-------DLWGQGTLVTVSS----MTQTPSSVSAAVGGTVTINCQASEDIK------RYLAWYQQKPGQPPKLLIYAASKLASGVSSRFKGSGSGTEYTLTISGVQCDDAATYYCQQGYTSSNVN---NAFGGGTEVVV-K--,1.9
5wuxC,EVQLVESGGGLVQPGGSLRLSCAASGYVFTD--YGMNWVRQAPGKGLEWMGWINT--YIGEPIYADSVKGRFTFSLDTSKSTAYLQMNSLRAEDTAVYYCARGYRSYAM-----------DYWGQGTLVTVSS-DIQMTQSPSSLSASVGDRVTITCKASQNVG------TNVAWYQQKPGKAPKALIYSASFLYSGVPYRFSGSGSGTDFTLTISSLQPEDFATYYCQQYNIYP------LTFGQGTKVEI-K--,2.9
5wuxA,EVQLVESGGGLVQPGGSLRLSCAASGYVFTD--YGMNWVRQAPGKGLEWMGWINT--YIGEPIYADSVKGRFTFSLDTSKSTAYLQMNSLRAEDTAVYYCARGYRSYAM-----------DYWGQGTLVTVSS-DIQMTQSPSSLSASVGDRVTITCKASQNVG------TNVAWYQQKPGKAPKALIYSASFLYSGVPYRFSGSGSGTDFTLTISSLQPEDFATYYCQQYNIYP------LTFGQGTKVEI-K--,2.9
5wuxH,EVQLVESGGGLVQPGGSLRLSCAASGYVFTD--YGMNWVRQAPGKGLEWMGWINT--YIGEPIYADSVKGRFTFSLDTSKSTAYLQMNSLRAEDTAVYYCARGYRSYAM-----------DYWGQGTLVTVSS-DIQMTQSPSSLSASVGDRVTITCKASQNVG------TNVAWYQQKPGKAPKALIYSASFLYSGVPYRFSGSGSGTDFTLTISSLQPEDFATYYCQQYNIYP------LTFGQGTKVEI-K--,2.9
3sdyH,-VQLQQSGAEVKTPGASVKVSCKASGYTFTS--FGVSWIRQAPGQGLEWIGWISA--YNGDTYYAQKFQARVTMTTDTSTTTAYMEMRSLRSDDTAVYYCAREPPLFYSSWSL-------DNWGQGTLVTVSS-EIVMTQSPGTLSLSPGERATLSCRASQSVSM-----NYLAWFQQKPGQAPRLLIYGASRRATGIPDRISGSGSGTDFTLTISRLEPADFAVYYCQQYGTSP------RTFGQGAKVEI-K--,2.85
6uoeH,-VQLVESGGGVVQPGRSLRLSCAASGFTFSN--HGLHWVRQAPGKGLEWVAVVSK--DGTNEHYADSVRGRFTISRDNSKNTLYLQMNSLRAEDTAVYYCAREGYCGDDRCYSGQP----DYWGQGTLVTVSS-EIVLTQSPATLSLSPGERATLSCRASQSVG------RYLAWYQQKPGQAPRLLIYDSSNRATGVPARFSGSGSGTDFTLTISSLEPEDFAVYYCQQRSHWPP-----LTFGGGTKVEI-K--,1.8
4lasH,EVQLQESGPSLVKPSQTLSLTCSVTGDSVTS--GYWSWIRQFPGNKLDYMGYISY--R-GSTYYNPSLKSRISITRDTSKNQVYLQLKSVSSEDTATYYCSYFDSDDYAM----------EYWGQGTSVTVS--QIVLTQSPAIMSASPGEKVTLTCSASSSVSS-----SHLYWYQQKPGSSPKLWIYSTSNLASGVPARFSGSGSGTSYSLTISSMEAEDAASYFCHQWSSFP------FTFGSGTKLEI-K--,2.33
1lo4H,ELKLVETGGDLVKPGGSLTLSCEASGFTLRT--YGMSWVRQTPQMRLEWVASISY--G-GLLYFSDSVKGRFTISRDIVRNILTLQMSRLRSEDTAIYYCARGTSFVRYF----------DVWGAGTTVTVSS-DVLLTQTPLSLPVSLGDQASISCRSSQTIVHTNGN-TYFEWYLQKPGQSPHLLIYKVSNRLSGVPDRFSGSGSGTDFTLKISRVEAEDLGLYYCFQGSHSP------WTFGGGTKLEL-K--,2.4
4laqH,---------------QTLSLTCSVTGDSVTS--GYWSWIRQFPGNKLDYMGYISY--R-GSTYYNPSLKSRISITRDTSKNQVYLQLKSVSSEDTATYYCSYFDSDDYAM----------EYWGQGTSVTVS--QIVLTQSPAIMSASPGEKVTLTCSASSSVSS-----SHLYWYQQKPGSSPKLWIYSTSNLASGVPARFSGSGSGTSYSLTISSMEAEDAASYFCHQWSSFP------FTFGSGTKLEI-K--,2.8
1nj9B,EVQLQQSGPELVKPGASVKVSCKASGYSFTD--YNMYWVKQNHGESLEWIAYIDP--SNGDTFYNQKFQGKATVTLDKSSSTAFMHLNSLTSEDSAVYYCARGGGLF-------------AFWGQGTLVTVSA-QAVVTQESA-LTTSPGETVTLTCRSSTGTITSD---NYANWVQEKPDHLFSGLIGVNNARPPGVPARFSGSLTGDKAVLTITGAQTEDEAIYFCALWYSNH------WVFGGGTKLTV-L--,2.35
1nj9H,EVQLQQSGPELVKPGASVKVSCKASGYSFTD--YNMYWVKQNHGESLEWIAYIDP--SNGDTFYNQKFQGKATVTLDKSSSTAFMHLNSLTSEDSAVYYCARGGGLF-------------AFWGQGTLVTVSA-QAVVTQESA-LTTSPGETVTLTCRSSTGTITSD---NYANWVQEKPDHLFSGLIGVNNARPPGVPARFSGSLTGDKAVLTITGAQTEDEAIYFCALWYSNH------WVFGGGTKLTV-L--,2.35
3mo1B,QIQLVQSGPELKKPGETVKISCKASGYTFTD--YSVHWVKQVPGKGLKWMGWINT--ETGEPTYADDFKGRFAFSLESSASTAYLEIHNLKNEDTATYFCALGW----------------LHWGLGTTLTVSS-DIQLTQSPSSLAMSGGQKVTMRCKSSQSLLNSRNERNYLAWYQQKPGQSPKLLVYFASIRESGVPDRFIGSGSGTDFTLTISSVQAEDLADYFCLQHYNTP------WTFGGGTKLEI-K--,1.8
5nyxM,-VQLQESGPGLVKPSETLSLTCTVSGGSVSSGSSYWTWIRQTPGKGLEWIGYTS---YSGSTKYNPSLKSRVTLSVDMSKNQFSLKLKSVTAADTAVYFCARDRFDVASGSSF-------DFWGQGTLVTVSS-EIVMTQTPSSLSASVGDRVTITCRASQSIS------NYLNWYQQKPGTAPKLLTYAASSLGSGVPSRFSGSGSGTDLTLTISSLRPEDFATYYCQQSYGS-------PTFGQGTKLEI-R--,1.88
5nyxH,QVQLQESGPGLVKPSETLSLTCTVSGGSVSSGSSYWTWIRQTPGKGLEWIGYTS---YSGSTKYNPSLKSRVTLSVDMSKNQFSLKLKSVTAADTAVYFCARDRFDVASGSSF-------DFWGQGTLVTVSS-EIVMTQTPSSLSASVGDRVTITCRASQSIS------NYLNWYQQKPGTAPKLLTYAASSLGSGVPSRFSGSGSGTDLTLTISSLRPEDFATYYCQQSYGS-------PTFGQGTKLEI-R--,1.88
5nyxO,QVQLQESGPGLVKPSETLSLTCTVSGGSVSSGSSYWTWIRQTPGKGLEWIGYTS---YSGSTKYNPSLKSRVTLSVDMSKNQFSLKLKSVTAADTAVYFCARDRFDVASGSSF-------DFWGQGTLVTVSS-EIVMTQTPSSLSASVGDRVTITCRASQSIS------NYLNWYQQKPGTAPKLLT------------RFSGSGSGTDLTLTISSLRPEDFATYYCQQSYGS-------PTFGQGTKLEI-R--,1.88
4py7A,QVQLVQSGGGVVQPGRSLRLSCAASEFTFRM--YATHWVRQAPGKGLEWVALISY--DGSNKYYADSVKGRFTISRDNSMNTVYLQMNTLRPEDTAVYYCARDLGGYFIRGIM-------DVWGQGTLVTVSS-ELQMTQSPSSVSASVGDRVTITCRASQGIS------SWLAWYQQKPGKAPKLLIYAASSLQSGVPSRFSGSGSGTDFTLTISSLQPEDFATYYCQQANSFP------LTFGGGTKVEI-K--,2.7
4py7I,QVQLVQSGGGVVQPGRSLRLSCAASEFTFRM--YATHWVRQAPGKGLEWVALISY--DGSNKYYADSVKGRFTISRDNSMNTVYLQMNTLRPEDTAVYYCARDLGGYFIRGIM-------DVWGQGTLVTVSS-ELQMTQSPSSVSASVGDRVTITCRASQGIS------SWLAWYQQKPGKAPKLLIYAASSLQSGVPSRFSGSGSGTDFTLTISSLQPEDFATYYCQQANSFP------LTFGGGTKVEI-K--,2.7
3eyfB,QVRLVESGGGVVQPGGSLRLSCEGSGFKFGD--HGIHWVRQAPGEGLQWLTVISS--DGTDERYTDSVKGRFTISRDNSKNTMSLQMNNLRPEDMGLYYCARDGKCGGGRCYSGLL----DYWGQGTMVTVSS-EIVLTQSPATLSLSPGERATLSCRASQSVG------GYLTWYQHKPGQAPRLLIFDASIRATGIPARFSGSGSGTDFTLTITRLEPEDFAVYYCQQRSMWPP-----VTFGQGTKLEI-K--,2.3
3eyfD,QVRLVESGGGVVQPGGSLRLSCEGSGFKFGD--HGIHWVRQAPGEGLQWLTVISS--DGTDERYTDSVKGRFTISRDNSKNTMSLQMNNLRPEDMGLYYCARDGKCGGGRCYSGLL----DYWGQGTMVTVSS-EIVLTQSPATLSLSPGERATLSCRASQSVG------GYLTWYQHKPGQAPRLLIFDASIRATGIPARFSGSGSGTDFTLTITRLEPEDFAVYYCQQRSMWPP-----VTFGQGTKLEI-K--,2.3
3h3bd,EVQLQQSGPEVVKTGASVKISCKASGYSFTG--YFINWVKKNSGKSPEWIGHIS---SYATSTYNQKFKNKAAFTVDTSSSTAFMQL---TSEDSAVYYCVRSGNYEE------------DYWGQGTSVTVSS-DIVLTQTPSSLPVSVGEKVTMTCKSSQTLL------NYLAWYQQKPGQSPKLLISWAFTRKSGVPDRFTGSGSGTDFTLTIGSVKAEDLAVYYCQQYSNYP------WTFGGGTRLEI-K--,2.45
3h3bc,EVQLQQSGPEVVKTGASVKISCKASGYSFTG--YFINWVKKNSGKSPEWIGHIS---SYATSTYNQKFKNKAAFTVDTSSSTAFMQL---TSEDSAVYYCVRSGNYEE------------DYWGQG-SVTVSS-DIVLTQTPSSLPVSVGEKVTMTCKSSQTLL------NYLAWYQQKPGQSPKLLISWAFTRKSGVPDRFTGSGSGTDFTLTIGSVKAEDLAVYYCQQYSNYP------WTFGGGTRLEI-K--,2.45
5cd3G,QVQLVESGTQFRRPGASVRLSCEASGYTFIS--SFIHWIRQGPGQGLEWMGWMNP--RHGAVNYPRRFQGKVTMTRDTSIDTAYMELRDLRSDDTAMYFCVTSRTKDYDWD---------FVWGQGTLVVVSS--IQMTQSPVTLSASIGDRVTITCRASQRID------NWVAWYQQKPGRAPKLLIYKASILETGVPSRFSGSGSGTEFTLSINSLQPDDVATYYCQQFE----------EFGRGTKIDI-K--,2.9
5cd3A,QVQLVESGTQFRRPGASVRLSCEASGYTFIS--SFIHWIRQGPGQGLEWMGWMNP--RHGAVNYPRRFQGKVTMTRDTSIDTAYMELRDLRSDDTAMYFCVTSRTKDYDWD---------FVWGQGTLVVVSS--IQMTQSPVTLSASIGDRVTITCRASQRID------NWVAWYQQKPGRAPKLLIYKASILETGVPSRFSGSGSGTEFTLSINSLQPDDVATYYCQQFE----------EFGRGTKIDI-K--,2.9
5cd3C,QVQLVESGTQFRRPGASVRLSCEASGYTFIS--SFIHWIRQGPGQGLEWMGWMNP--RHGAVNYPRRFQGKVTMTRDTSIDTAYMELRDLRSDDTAMYFCVTSRTKDYDWD---------FVWGQGTLVVVSS--IQMTQSPVTLSASIGDRVTITCRASQRID------NWVAWYQQKPGRAPKLLIYKASILETGVPSRFSGSGSGTEFTLSINSLQPDDVATYYCQQFE----------EFGRGTKIDI-K--,2.9
5cd3E,QVQLVESGTQFRRPGASVRLSCEASGYTFIS--SFIHWIRQGPGQGLEWMGWMNP--RHGAVNYPRRFQGKVTMTRDTSIDTAYMELRDLRSDDTAMYFCVTSRTKDYDWD---------FVWGQGTLVVVSS--IQMTQSPVTLSASIGDRVTITCRASQRID------NWVAWYQQKPGRAPKLLIYKASILETGVPSRFSGSGSGTEFTLSINSLQPDDVATYYCQQFE----------EFGRGTKIDI-K--,2.9
4py8I,QVQLVQSGGGVVQPGRSLRLSCAASEFTFRM--YATHWVRQAPGKGLEWVALISY--DGSNKYYADSVKGRFTISRDNSMNTVYLQMNTLRPEDTAVYYCARDLGGYFIRGIM-------DVWGQGTLVTVSS-ELQMTQSPSSVSASVGDRVTITCRASQGIS------SWLAWYQQKPGKAPKLLIYAASSLQSGVPSRFSGSGSGTDFTLTISSLQPEDFATYYCQQANSFP------LTFGGGTKVEI-K--,2.91
3eyoB,QVRLVESGGGVVQPGGSLRLSCEGSGFKFGD--HGIHWVRQAPGEGLQWLTVISS--DGTDERYTDSVKGRFTISRDNSKNTMSLQMNNLRPEDMGLYYCARDGK------YSGLL----DYWGQGTMVTVSS-EIVLTQSPATLSLSPGERATLSCRASQSVG------GYLTWYQHKPGQAPRLLIFDASIRATGIPARFSGSGSGTDFTLTITRLEPEDFAVYYCQQRSMWPP-----VTFGQGTKLEI-K--,2.5
3eyoD,QVRLVESGGGVVQPGGSLRLSCEGSGFKFGD--HGIHWVRQAPGEGLQWLTVISS--DGTDERYTDSVKGRFTISRDNSKNTMSLQMNNLRPEDMGLYYCARDGKCGGGRCYSGLL----DYWGQGTMVTVSS-EIVLTQSPATLSLSPGERATLSCRASQSVG------GYLTWYQHKPGQAPRLLIFDASIRATGIPARFSGSGSGTDFTLTITRLEPEDFAVYYCQQRSMWPP-----VTFGQGTKLEI-K--,2.5
3eysH,-VTLKESGPGILKPSQTLSLTCSFSGFSLSTSGMGVGWIRQPSGKGLEWLAHIWW--D-DDRSYNPSLKSQLTISKDAARNQVFLRITSVDTADTATYYCVRRAHTTVLGDWF-------AYWGQGTLVTVS--DVLMTQTPLSLPVSLGDQASISCRSSQSIVHSNGN-TYLEWYLQKPGQSPKLLIYKVSNRFSGVPDRFSGSGSGTDFTLKISRVEAEDLGVYYCFQGSHVP------LTFGAGTKLEL-K--,1.95
3eyqD,QVQLVESGGGVVQPGRSLRLSCAASGFTFSS--YGMHWVRQAPGKGLEWVAVISY--DGSNKYYADSVKGRFTISRDNSKNTLYLQMNSLRAEDTAVYYCAKDGK-------SGLL----DYWGQGTLVTVSS-EIVLTQSPATLSLSPGERATLSCRASQSVS------SYLAWYQQKPGQAPRLLIYDASNRATGIPARFSGSGSGTDFTLTISSLEPEDFAVYYCQQRSNWPP-----ITFGQGTRLEI-K--,2.4
2vdkH,EVQLQQSGAELVKPGASVKLSCTASGFNIKD--TYVHWVKQRPEQGLEWIGRIDP--ANGYTKYDPKFQGKATITADTSSNTAYLQLSSLTSEDTAVYYCVRPLYDYYAM----------DYWGQGTSVTVSS-DILMTQSPSSMSVSLGDTVSITCHASQGIS------SNIGWLQQKPGKSFMGLIYYGTNLVDGVPSRFSGSGSGADYSLTISSLDSEDFADYYCVQYAQLP------YTFGGGTKLEI-K--,2.8
3eyuH,QVTLKESGPGILKPSQTLSLTCSFSGFSLSTSGMGVGWIRQPSGKGLEWLAHIWW--D-DDRSYNPSLKSQLTISKDAARNQVFLRITSVDTADTATYYCVRRAHTTVLGDWF-------AYWGQGTLVTVS--DVLMTQTPLSLPVSLGDQASISCRSSQSIVHSNGN-TYLEWYLQKPGQSPKLLIYKVSNRFSGVPDRFSGSGSGTDFTLKISRVEAEDLGVYYCFQGSHVP------LTFGAGTKLEL-K--,2.71
6e4zH,EVKLEESGGGLVQPGGSMKLSCVASRFTLSK--YWMNWVRQSPEKGLEWVAQIRLKSDNYAT-YAESVKGRFTISRDDSKSSVYLQMNNLRAEDTGIYYCTGEIF---------------VNWGQGTLVTVSA-DIVMTQAAPSVPVTPGESVSISCRSSKSLLHSNGN-TYLYWFLQRPGQSPQLLIYRMSNLASGVPDRFSGSGSGTAFTLRISRVEAEDVGVYYCMQHLEYP------FTFGAGTKLEL-K--,2.202
6e4yH,EVKLEESGGGLVQPGGSMKLSCVASRFTLSK--YWMNWVRQSPEKGLEWVAQIRLKSDNYAT-YAESVKGRFTISRDDSKSSVYLQMNNLRAEDTGIYYCTGEIF---------------VNWGQGTLVTVSA-DIVMTQAAPSVPVTPGESVSISCRSSKSLLHSNGN-TYLYWFLQRPGQSPQLLIYRMSNLASGVPDRFSGSGSGTAFTLRISRVEAEDVGVYYCMQHLEYP------FTFGAGTKLEL-K--,2.24
6d9gA,QVQLQQSGPELVKLGASVRISCKASGYRFSY--SWMNWVKQRPGKGLEWIGRIYP--GDGDTKYSGKFKGKATLTADKSSSTVYMQLSSLTSEDSAVYFCARSAYGSEGFAM--------DYWGQGTSVTVSS-DIVLTQSPASLAVSLGQRATISCRASESVDNYGI--SFLNWFQQKPGQPPKLLIYAASNQGSGVPARFSGSGSGTYFSLNIHPMEEDDTAVYFCQQTKGVS------WTFGGGTKVEI-K--,2.3
6d9gC,QVQLQQSGPELVKLGASVRISCKASGYRFSY--SWMNWVKQRPGKGLEWIGRIYP--GDGDTKYSGKFKGKATLTADKSSSTVYMQLSSLTSEDSAVYFCARSAYGSEGFAM--------DYWGQGTSVTVSS-DIVLTQSPASLAVSLGQRATISCRASESVDNYGI--SFLNWFQQKPGQPPKLLIYAASNQGSGVPARFSGSGSGTYFSLNIHPMEEDDTAVYFCQQTKGVS------WTFGGGTKVEI-K--,2.3
6msyH,EVQLVESGGGLVKAGGSLILSCGVSNFRISA--HTMNWVRRVPGGGLEWVASIST--SSTYRDYADAVKGRFTVSRDDLEDFVYLQMHKMRVEDTAIYYCARKGSDRLSDNDPF------DAWGPGTVVTVSP-DVVMTQSPSTLSASVGDTITITCRASQSIE------TWLAWYQQKPGKAPKLLIYKASTLKTGVPSRFSGSGSGTEFTLTISGLQFDDFATYHCQHYAGYS------ATFGQGTRVEI-K--,1.999
1fdlH,QVQLKESGPGLVAPSQSLSITCTVSGFSLTG--YGVNWVRQPPGKGLEWLGMIWG--D-GNTDYNSALKSRLSISKDNSKSQVFLKMNSLHTDDTARYYCARERDYRL------------DYWGQGTTLTVSS-DIQMTQSPASLSASVGETVTITCRASGNIH------NYLAWYQQKQGKSPQLLVYYTTTLADGVPSRFSGSGSGTQYSLKINSLQPEDFGSYYCQHFWSTP------RTFGGGTKLEI-K--,2.5
6m3bC,EVQLLESGGGLVQPGGSLRLSCAASGFTFSS--YWMSWVRQAPGKGLEWVSGVSW--NGSRTHYADSVKGRFTISRDNSKNTLYLQMNSLRAEDTAVYYCALTGRSGWMRFPNWF-----DPWGQGTLVTVTS--SVLTQPPS-ASGTPGQRVTISCTGSSSNIGAA---YDVHWYQQLPGTAPKLLIYGNNKRPSGVPDRFSGSKSGTSASLAISGLRSEDEADYYCQSYDSSLSG----SVFGGGTKLTV-L--,2.2
1fj1B,QIQLVQSGPELKKPGETVKISCKASGYTFTD--YSMYWVKQAPGKGLKRMGWINT--ETGEPTYADDFKGRFALSLDTSASTAYLHISNLKNEDTATYFCARGL----------------DSWGQGTSVTVSS-DIQMTQSPSSLSATLGGKVTITCKASQDIN------KYIAWYQHKPGKGPRLLIHYTSTLQPGNPSRFSGSGSGRDYSFSISNLEAEDIAIYYCLQYDNLQ------RTFGGGTKVEI-K--,2.68
1fj1D,QIQLVQSGPELKKPGETVKISCKASGYTFTD--YSMYWVKQAPGKGLKRMGWINT--ETGEPTYADDFKGRFALSLDTSASTAYLHISNLKNEDTATYFCARGL----------------DSWGQGTSVTVSS-DIQMTQSPSSLSATLGGKVTITCKASQDIN------KYIAWYQHKPGKGPRLLIHYTSTLQPGNPSRFSGSGSGRDYSFSISNLEAEDIAIYYCLQYDNLQ------RTFGGGTKVEI-K--,2.68
6ulfA,QVQLVESGGGVVQPGRSLRLSCAASGFTFSI--YGMHWVRQAPGKGLEWVALIWY--DGTNKYYTDSVKGRFTISRDNSKNTLFLQMNSVRAEDTAVYYCARDAHYSDSSGYSSWGYF--DYWGQGSLVTVSS-EIVLTQSPATLSLSPGERATLSCRASQSVS------SYLAWYQQKPGQAPRLLIFDASIRATGIPARFSGSGSGTDFTLTISSLEPEDFAVYYCQQRSNW-------YTFGQGTKLEI-K--,1.7
1il1A,--QLQQSGAELVRSGASVKLSCATSDFNIKD--YYIHWVRQRPEQGLEWIGWLDP--ENGDTESAPKFQGKATMTADTSSNTAYLQLSSLTSEASAVYYCNAISTTRDYYAL--------DYWGQGTSVTVSS-DIVMSQSPSSLAVSVGEKVTMSCKSSQSLLYSRNQMNYLSWYQQKPGQSPKLLIYWASTRESGVPDRFTGSGSGTDFTLTISSVKAEDLAVYYCQQYYHY-------RTFGGGTRLEI-R--,2.2
5wcaH,QVQLVQSGAEVKKPGASVKVSCKASGYTFTG--NYVHWVRQAPGQGLEWMGWINP--KSDGTNYAQKFQGRVTMTRDTSISTVYMELSRLRSDDTAVYYCARDKGLRYFDWLSGGM----DVWGQGTTVTVSS---ALTQPAS-VSGSPGQSITISCTRTAAAVTSY---NYVSWYQQHPGKAPKLLIYEVSNRPSGVSNRFSGSKSGNSASLTISGLQPEDEADYYCCSSTSSTT-----VVFGGGTKVTV-L--,1.369
5nbiH,--QLQETGGGLVQPGGSMKISCVTSGFNFSH--AWMSWVRQSPGKGLEWVAEIRNKSDGYTTYYAPSVKGRFTVSRDDSQNMVYLQMNNLRAEDTGIYYCAQSSPYSRAM----------DYWGQGTTVTVSS-DIVLTQTPLTLPVSPGQRATISCRASQSVDDNGH--SFMNWYQQKPGQPPKLLVHAASYVKSGVPARFSGSGSGTDFTLTIHPVEPEDFATYYCQQGYSHP------WTFGGGTKLEI-K--,2.1
5wccA,EVQLVESGGGLIQPGGSLRLSCSASEFTVSG--NYMTWVRQAPGKGLEWVSIIY---TGGSTYYADSVKGRFSISRDDSRNTLYLQMNSLRAEDTAVYYCARAL--------SHAF----DIWGQGTMVTVSS---ALTQPPS-ASGSPGQSVTISCTGTRSDIDGY---NYVSWYQQHPGKAPKLIISEVNKRPSGVPARFSGSKSGNRASLTVSGLQTEDEADYYCSSYTDTNNF----YVFGTGTKVTV-L--,2.461
5wccH,EVQLVESGGGLIQPGGSLRLSCSASEFTVSG--NYMTWVRQAPGKGLEWVSIIY---TGGSTYYADSVKGRFSISRDDSRNTLYLQMNSLRAEDTAVYYCARALKLQFFDWPSHAF----DIWGQGTMVTVSS--SALTQPPS-ASGSPGQSVTISCTGT------Y---NYVSWYQQHPGKAPKLIISEVNKRPSGVPARFSGSKSGNRASLTVSGLQTEDEADYYCSSYTDTNNF----YVFGTGTKVTV-L--,2.461
3qrgH,-ITLKESGPTLVKPTQTLTLTCTFSGFSLSTSGMGVSWIRQPPGKALEWLAHIYW--D-DDKRYNPSLKSRLTITKDTSKNQVVLTMTNMDPVDTATYYCARLYGFTYGF----------AYWGQGTLVTVSS-DIVMTQSPDSLAVSLGERATINCRASQSVDYNGI--SYMHWYQQKPGQPPKLLIYAASNPESGVPDRFSGSGSGTDFTLTISSLQAEDVAVYYCQQIIEDP------WTFGQGTKVEI-K--,1.699
6ionH,-VTLKESGPGILQPSQTLSLTCSFSGFSLNSFGTGVGWIRQPSGKGLEWLAHIW---WNDYKYYNAALESRLTISKDTSNNQVFLKIASVDTADTATYYCARLRLRYF------------DYWGQGTTLTVSS--ILMTQSPAILSVSPGEGVSFSCWANQNIG------TSIHWYQQRTNGSPRLLIKYASESISGIPSRFSGSGSGTDFTLSINSVESEDIADYYCQQSNSWPI-----FTFGSGTKLEI-K--,2.75
5ivzB,QVQLKQSGPGLVQPSQSLSITCTVSGFSLTN--YGVHWVRQSPGKGLEWLGVIW---SGGNTDYNTPFTSRLSINKDNSKSQVFFKMNSLQSNDTAIYYCARALTYYDYEF---------AYWGQGTLVTVS--DILLTQSPVILSVSPGERVSFSCRASQSIG------TNIHWYQQRTNGSPRLLIKYASESISGIPSRFSGSGSGTDFTLSINSVESEDIADYYCQQNNNWP------TTFGAGTKLEL-K--,2.48
5ivzD,QVQLKQSGPGLVQPSQSLSITCTVSGFSLTN--YGVHWVRQSPGKGLEWLGVIW---SGGNTDYNTPFTSRLSINKDNSKSQVFFKMNSLQSNDTAIYYCARALTYYDYEF---------AYWGQGTLVTVS--DILLTQSPVILSVSPGERVSFSCRASQSIG------TNIHWYQQRTNGSPRLLIKYASESISGIPSRFSGSGSGTDFTLSINSVESEDIADYYCQQNNNWP------TTFGAGTKLEL-K--,2.48
3cfbH,EVKLVESGGGLVKPGGSLKLSCTASGITFSR--YIMSWVRQIPEKRLEWVASISS--G-GITYYPDSVKGRFTISRDNVRNILYLQMSSLRSEDTALYYCARGQGR--------------PYWGQGTLVTVSS-DIVMTQAAFSNPVTLGTSASISCRSTKSLLHSNGI-TYLYWYLQKPGQSPQLLIYQMSNLASGVPDRFSSSGSGTDFTLRISRVEAEDVGVYYCAQNLELP------PTFGGGTKLEI-K--,1.6
3cfbB,EVKLVESGGGLVKPGGSLKLSCTASGITFSR--YIMSWVRQIPEKRLEWVASISS--G-GITYYPDSVKGRFTISRDNVRNILYLQMSSLRSEDTALYYCARGQGR--------------PYWGQGTLVTVSS-DIVMTQAAFSNPVTLGTSASISCRSTKSLLHSNGI-TYLYWYLQKPGQSPQLLIYQMSNLASGVPDRFSSSGSGTDFTLRISRVEAEDVGVYYCAQNLELP------PTFGGGTKLEI-K--,1.6
6cyfD,-VQLVESGGGLVQPGGSLRLSCAASGFTFSS--YAMDWVRQAPGKGLEWVSAITM--SGITAYYTDDVKGRFTISRDNSKNTLYLQMNSLRAEDTAVYYCAKEEFLPGTHYFYGM-----DVWGQGTTVTVSS-AIQMTQSPSSLSASVGDRVTITCRASQGIR------NDLGWYQQKPGKAPKLLIYSASTLQSGVPSRFSGSGSGTDFTLTISSLQPEDFATYYCLQDYNYP------WTFGQGTKVEI-K--,2.78
6cyfF,EVQLVESGGGLVQPGGSLRLSCAASGFTFSS--YAMDWVRQAPGKGLEWVSAITM--SGITAYYTDDVKGRFTISRDNSKNTLYLQMNSLRAEDTAVYYCAKEEFLPGTHYFYGM-----DVWGQGTTVTVSS-AIQMTQSPSSLSASVGDRVTITCRASQGIR------NDLGWYQQKPGKAPKLLIYSASTLQSGVPSRFSGSGSGTDFTLTISSLQPEDFATYYCLQDYNYP------WTFGQGTKVEI-K--,2.78
6cyfM,EVQLVESGGGLVQPGGSLRLSCAASGFTFSS--YAMDWVRQAPGKGLEWVSAITM--SGITAYYTDDVKGRFTISRDNSKNTLYLQMNSLRAEDTAVYYCAKEEFLPGTHYFYGM-----DVWGQGTTVTVSS-AIQMTQSPSSLSASVGDRVTITCRASQGIR------NDLGWYQQKPGKAPKLLIYSASTLQSGVPSRFSGSGSGTDFTLTISSLQPEDFATYYCLQDYNYP------WTFGQGTKVEI-K--,2.78
6cyfU,EVQLVESGGGLVQPGGSLRLSCAASGFTFSS--YAMDWVRQAPGKGLEWVSAITM--SGITAYYTDDVKGRFTISRDNSKNTLYLQMNSLRAEDTAVYYCAKEEFLPGTHYFYGM-----DVWGQGTTVTVSS-AIQMTQSPSSLSASVGDRVTITCRASQGIR------NDLGWYQQKPGKAPKLLIYSASTLQSGVPSRFSGSGSGTDFTLTISSLQPEDFATYYCLQDYNYP------WTFGQGTKVEI-K--,2.78
1mieH,----QQPGAELVKPGASVKLSC------------WINWVKQRPGQGLEWIGNVYP--GSSSTNYNEKFKNKATLTVDTSSSTAYMQLSSLTSDDSAFYYCVR------------------PYWGQGTLVTVSA-EIVMTQAAPSVPVTPGESVSISCRSSKSLLHSNGN-TYLNWFLQRPGQSPQLLIYRMSNLASGVPDRFSGSGSETAFTLRTSRVEAEDVGVYYCMQHLEYP------FTFGSGTKLEL-K--,1.95
1jfqH,-VQLQQSGVELVRAGSSVKMSCKASGYTFTS--NGINWVKQRPGQGLEWIGYNNP--GNGYITYNEKFKGKTTLTVDKSSNTAYMQLRSLTSEDSAVYFCARSEYYGGSYKF--------DYWGQGTTLTVSS-DIQMTQIPSSLSASLGDRVSISCRASQDIN------NFLNWYQQKPDGTIKLLIYFTSRSQSGVPSRFSGSGSGTDYSLTISNLEQEDIATYFCQQGNALP------RTFGGGTKLEI-K--,1.9
2d7tH,QVQLVQSGAEVKKPGASVKVSCKASGYTFTG--NYMHWVRQAPGQGLEYMGWINP--KSGDTNYAQKFQGRVTMTRDTSISTVYMEVRRLRSDDTAVYYCATGWWGM-------------DVWGQGTLVTVSS-DIVMTQSPSSLSASVGDRVTITCRASQNIN------NYLHWYQHEPGKAPKLLIYAASNLQGGVTSRFSGSGSGTDFTLTISTLQPEDFATYYCLQTHAYP------LTFGGGTKVDI-K--,1.7
1jp5a,EVQLQQSGPELKKPGETVKISCKATNYAFTD--YSMHWVKQAPGGDLKYVGWIN---ETDEPTFADDFKGRFAFSLDTSTSTAFLQI---KNEDTATYFCVRDRHDYG------------TYWGQGTTVTVSS-DILMTQTPLYLPVSLGDQASISCRSSQTIV------TYLEWYLQKPGQSPQLLIYKVSNRFSGVPDRFSGSGSGTDFTLKISRVEAEDLGIYYCFQGSHFP------PTFGGGTKLEI-K--,2.7
1jp5b,EVQLQQSGPELKKPGETVKISCKATNYAFTD--YSMHWVKQAPGGDLKYVGWIN---ETDEPTFADDFKGRFAFSLDTSTSTAFLQI---KNEDTATYFCVRDRHDYG------------TYWGQGTTVTVSS-DILMTQTPLYLPVSLGDQASISCRSSQTIV------TYLEWYLQKPGQSPQLLIYKVSNRFSGVPDRFSGSGSGTDFTLKISRVEAEDLGIYYCFQGSHFP------PTFGGGTKLEI-K--,2.7
4h0gA,EIQLQQSGPELVKPGASVKISCKASGYSFTD--YIMLWVKQSHGKSLEWIGNINP--YYGSTSYNLKFKGKATLTVDKSSSTAYMQLNSLTSEDSAVYYCARKNYYGSSL----------DYWGQGTTLTVSS-DVVMTQTPFSLPVSLGDQASISCRSSQSLVHSNGN-TYLHWYLQKPGQSPKLLIYKVSNRFSGVPDRFSGSGSGTDFTLKISRVEAEDLGVYFCSQSTHVP------YTFGGGTKLEI-K--,2.3
4h0hB,EIQLQQSGPELVKPGASVKISCKASGYSFTD--YIMLWVKQSHGKSLEWIGNINP--YYGSTSYNLKFKGKATLTVDKSSSTAYMQLNSLTSEDSAVYYCARKNYYGSSL----------DYWGQGTTLTVSS-DVVMTQTPFSLPVSLGDQASISCRSSQSLVHSNGN-TYLHWYLQKPGQSPKLLIYKVSNRFSGVPDRFSGSGSGTDFTLKISRVEAEDLGVYFCSQSTHVP------YTFGGGTKLEI-K--,2.0
4h0iA,EIQLQQSGPELVKPGASVKISCKASGYSFTD--YIMLWVKQSHGKSLEWIGNINP--YYGSTSYNLKFKGKATLTVDKSSSTAYMQLNSLTSEDSAVYYCARKNYYGSSL----------DYWGQGTTLTVSS-DVVMTQTPFSLPVSLGDQASISCRSSQSLVHSNGN-TYLHWYLQKPGQSPKLLIYKVSNRFSGVPDRFSGSGSGTDFTLKISRVEAEDLGVYFCSQSTHVP------YTFGGGTKLEI-K--,2.4
6pk8D,Q-SVEESGGRLVTPGTPLTLACTVSGFSLNT--YSMFWVRQAPGKGLQWIGIIS---NFGVIYYATWAKGRFTISKTST--TVDLKITSPTTEDTATYFCVRKYGSEWGG----------DLWGPGTLVTVSS----MTQTPASVSEPVGGTVTIKCQASQSIS------SYLAWYQQKPGQRPRLLIYETSTLASGVPSRFKGSGSGTEFTLTISDLECADAATYYCQSTYENPTY----VSFGGGTEVGV-K--,2.91
6pk8B,Q-SVEESGGRLVTPGTPLTLACTVSGFSLNT--YSMFWVRQAPGKGLQWIGIIS---NFGVIYYATWAKGRFTISKTST--TVDLKITSPTTEDTATYFCVRKYGSEWGG----------DLWGPGTLVTVS-----MTQTPASVSEPVGGTVTIKCQASQSIS------SYLAWYQQKPGQRPRLLIYETSTLASGVPSRFKGSGSGTEFTLTISDLECADAATYYCQSTYENPTY----VSFGGGTEVGV-K--,2.91
6pk8A,Q-SVEESGGRLVTPGTPLTLACTVSGFSLNT--YSMFWVRQAPGKGLQWIGIIS---NFGVIYYATWAKGRFTISKTST--TVDLKITSPTTEDTATYFCVRKYGSEWGG----------DLWGPGTLVTV------MTQTPASVSEPVGGTVTIKCQASQSIS------SYLAWYQQKPGQRPRLLIYETSTLASGVPSRFKGSGSGTEFTLTISDLECADAATYYCQSTYENPTY----VSFGGGTEVGV-K--,2.91
6pk8C,Q-SVEESGGRLVTPGTPLTLACTVSGFSLNT--YSMFWVRQAPGKGLQWIGIIS---NFGVIYYATWAKGRFTISKTST--TVDLKITSPTTEDTATYFCVRKYGSEWGG----------DLWGPGTLVTV------MTQTPASVSEPVGGTVTIKCQASQSIS------SYLAWYQQKPGQRPRLLIYETSTLASGVPSRFKGSGSGTEFTLTISDLECADAATYYCQSTYENPTY----VSFGGGTEVGV-K--,2.91
12e8H,EVQLQQSGAEVVRSGASVKLSCTASGFNIKD--YYIHWVKQRPEKGLEWIGWIDP--EIGDTEYVPKFQGKATMTADTSSNTAYLQLSSLTSEDTAVYYCNAGHDYDRGRF---------PYWGQGTLVTVSA-DIVMTQSQKFMSTSVGDRVSITCKASQNVG------TAVAWYQQKPGQSPKLMIYSASNRYTGVPDRFTGSGSGTDFTLTISNMQSEDLADYFCQQYSSYP------LTFGAGTKLEL-K--,1.9
12e8P,EVQLQQSGAEVVRSGASVKLSCTASGFNIKD--YYIHWVKQRPEKGLEWIGWIDP--EIGDTEYVPKFQGKATMTADTSSNTAYLQLSSLTSEDTAVYYCNAGHDYDRGRF---------PYWGQGTLVTVSA-DIVMTQSQKFMSTSVGDRVSITCKASQNVG------TAVAWYQQKPGQSPKLMIYSASNRYTGVPDRFTGSGSGTDFTLTISNMQSEDLADYFCQQYSSYP------LTFGAGTKLEL-K--,1.9
4k9eH,EVQLVESGGGLVQPGGSLRLSCAASGFNISV--YMMHWVRQAPGKGLEWVASIYP--YSGYTYYADSVKGRFTISADTSKNTAYLQMNSLRAEDTAVYYCARYVYHAL------------DYWGQGTLVTVSS--IQMTQSPSSLSASVGDRVTITCRASQRGLRN----VAVAWYQQKPGKAPKLLIYSASSLYSGVPSRFSGSRSGTDFTLTISSLQPEDFATYYCQQWAVHSL-----ITFGQGTKVEI-K--,2.7
43c9F,QVQLVESGPGLVAPSQSLSITCTVSGISLSR--YNVHWVRQSPGKGLEWLGMIWG--G-GSIEYNPALKSRLSISKDNSKSQIFLKMNSLQTDDSAMYYCVSYGYGGDRF----------SYWGQGTLVTVS--DVVMTQTPSSLAMSVGQKVTMSCKSSQSLLNISNQKNYLAWYQQKPGQSPKLLVYFASTRESGVPDRFIGSGSGTDFTLTISSVQAEDQADYFCQQHYRAP------RTFGGGTKLEI-K--,2.2
43c9H,QVQLVESGPGLVAPSQSLSITCTVSGISLSR--YNVHWVRQSPGKGLEWLGMIWG--G-GSIEYNPALKSRLSISKDNSKSQIFLKMNSLQTDDSAMYYCVSYGYGGDRF----------SYWGQGTLVTVS--DVVMTQTPSSLAMSVGQKVTMSCKSSQSLLNISNQKNYLAWYQQKPGQSPKLLVYFASTRESGVPDRFIGSGSGTDFTLTISSVQAEDQADYFCQQHYRAP------RTFGGGTKLEI-K--,2.2
43c9D,QVQLVESGPGLVAPSQSLSITCTVSGISLSR--YNVHWVRQSPGKGLEWLGMIWG--G-GSIEYNPALKSRLSISKDNSKSQIFLKMNSLQTDDSAMYYCVSYGYGGDRF----------SYWGQGTLVTVS--DVVMTQTPSSLAMSVGQKVTMSCKSSQSLLNISNQKNYLAWYQQKPGQSPKLLVYFASTRESGVPDRFIGSGSGTDFTLTISSVQAEDQADYFCQQHYRAP------RTFGGGTKLEI-K--,2.2
43c9B,QVQLVESGPGLVAPSQSLSITCTVSGISLSR--YNVHWVRQSPGKGLEWLGMIWG--G-GSIEYNPALKSRLSISKDNSKSQIFLKMNSLQTDDSAMYYCVSYGYGGDRF----------SYWGQGTLVTVS--DVVMTQTPSSLAMSVGQKVTMSCKSSQSLLNISNQKNYLAWYQQKPGQSPKLLVYFASTRESGVPDRFIGSGSGTDFTLTISSVQAEDQADYFCQQHYRAP------RTFGGGTKLEI-K--,2.2
5odbA,EVQLVESGGGVVQPGRSLRLSCAASGFTFSS--YDMHWVRQAPGKGLEWVAVISY--DGSNKYYADSVKGRFTISRDNSKNTLYLHMNSLRAEDTAVYYCSKVRGAAATGYYYGM-----DVWGQGTTVTVSS--YELTQPPS-VSVSPGQTASITCSGDKLGD------KYACWYQQKPGQSPVLVIYQHSKRPSGIPERFSGSNSGNTATLTISGTQAMDEADYYCQAWDSST------VVFGGGTKLTV-L--,1.53
6hkgA,EVQLLESGGGLVQPGGSLRLSCAASGFTFSS--YGMAWVRQAPGKGLEWVSFISA--TGLSTYFADSVKGRFTISRDTTKNTLYLQMNSLRADDTAVYFCARMRRTMIAFGGN-------DFWGQGTLVTVSS-EVVMTQSPATLSVSPGEGATLSCRASQSVN------TNVAWYQQKPGQAPRLLIYGASTRATGIPARFSGSGSGTEFTLTISTLQSEDFAVYYCQQYSNWPP-----ITFGQGTRLEI-K--,1.87
6hkgC,EVQLLESGGGLVQPGGSLRLSCAASGFTFSS--YGMAWVRQAPGKGLEWVSFISA--TGLSTYFADSVKGRFTISRDTTKNTLYLQMNSLRADDTAVYFCARMRRTMIAFGGN-------DFWGQGTLVTVSS-EVVMTQSPATLSVSPGEGATLSCRASQSVN------TNVAWYQQKPGQAPRLLIYGASTRATGIPARFSGSGSGTEFTLTISTLQSEDFAVYYCQQYSNWPP-----ITFGQGTRLEI-K--,1.87
5i4fA,EIQLQQSGPELVKPGASVKISCKASGYSFTD--YIMLWVKQSHGKSLEWIGNINP--YYGSTSYNLKFKGKATLTVDKSSSTAYMQLNSLTSEDSAVYYCARKNYYGSSL----------DYWGQGTTLTVSS-DVVMTQTPFSLPVSLGDQASISCRSSQSLVHSNGN-TYLHWYLQKPGQSPKLLIYKVSNRFSGVPDRFSGSGSGTDFTLKISRVEAEDLGVYFCSQSTHVP------YTFGGGTKLEI-K--,1.549
3uypA,---LEQSGAELVKPGASVRLSCTASGFNIKD--TYMSWVKQRPEQGLEWIGRIDP--ANGDTKYDPKFQGKATITADTSSNTAYLHLSSLTSGDTAVYYCSRGWEGF-------------AYWGQGTLVTVSA---VMTQTPASLAVSLGQRATISCRASENVDRYGN--SFMHWYQQKAGQPPKLLIYRASNLESGIPARFSGSGSRTDFTLTINPVEADDVATYFCQRSNEVP------WTFGGGTKLEI-K--,2.0
1dqjB,-VQLQESGPSLVKPSQTLSLTCSVTGDSVTS--DYWSWIRKFPGNKLEYMGYISYS-G--STYYHPSLKSRISITRDTSKNQYYLQLNSVTTEDTATYYCASWGG---------------DVWGAGTTVTVSS-DIVLTQSPATLSVTPGDSVSLSCRASQSIS------NNLHWYQQKSHESPRLLIKYASQSISGIPSRFSGSGSGTDFTLSINSVETEDFGMYFCQQSNSWP------YTFGGGTKLEI-K--,2.0
6jc2H,QVQLVESGGGVVQPGRSLRLSCAASGFTFSS--YTMHWVRQAPGKGLEWVTFISY--DGNNKYYADSVKGRFTISRDNSKNTLYLQMNSLRAEDTAIYYCARTGWLGPF-----------DYWGQGTLVTVSS-EIVLTQSPGTLSLSPGERATLSCRASQSVGS-----SYLAWYQQKPGQAPRLLIYGAFSRATGIPDRFSGSGSGTDFTLTISRLEPEDFAVYYCQQYGSSP------WTFGQGTKVEI-K--,2.65
5iv2B,QVQLKQSGPGLVQPSQSLSITCTVSGFSLTN--YGVHWVRQSPGKGLEWLGVIW---SGGNTDYNTPFTSRLSINKDNSKSQVFFKMNSLQSNDTAIYYCARALTYYDYEF---------AYWGQGTLVTVS--DILLTQSPVILSVSPGERVSFSCRASQSIG------TNIHWYQQRTNGSPRLLIKYASESISGIPSRFSGSGSGTDFTLSINSVESEDIADYYCQQNNNWP------TTFGAGTKLEL-K--,2.481
5iv2D,QVQLKQSGPGLVQPSQSLSITCTVSGFSLTN--YGVHWVRQSPGKGLEWLGVIW---SGGNTDYNTPFTSRLSINKDNSKSQVFFKMNSLQSNDTAIYYCARALTYYDYEF---------AYWGQGTLVTVS--DILLTQSPVILSVSPGERVSFSCRASQSIG------TNIHWYQQRTNGSPRLLIKYASESISGIPSRFSGSGSGTDFTLSINSVESEDIADYYCQQNNNWP------TTFGAGTKLEL-K--,2.481
6y49H,-VQLQESGPGLVKPSETLSLTCAVSGYSISSG-YYWGWIRQPPGKGLEWIGSIY---HSGSTYYNPSLKSRVTISVDTSKNQFSLKLSSVTAADTAVYYCAGLT----ND----------ANWGQGTLVTVSS----LTQPPS-VSAAPGQKVTISCSGSSSNIGN----NYVSWYQQLPGTAPKLLIYDNNKRPSGIPDRFSGSKSGTSATLGITGLQTGDEADYYCGTWDSSLN-----PVFGGGTKLEI-K--,1.65
6kyzB,QVQLLQSGGGVVQPGRSLRLSCAASGFTFSS--YAMHWVRQAPGKGLEWVAVISY--DGSNKYYADSVKGRFTISRDNSKNTLYLQMNSLRAEDTAVYYCARVGKGGYDFWSGSGYM---DVWGKGTTVTVSS-SYVLTQPPS-VSVSPGQTASITCSGDKLGD------KYACWYQQKPGQSPVLVIYQDSKRPSGIPERFSGSNSGNTATLTISGTQAMDEADYYCQAWDSST------VVFGGGTKLTV-L--,1.845
6kyzE,QVQLLQSGGGVVQPGRSLRLSCAASGFTFSS--YAMHWVRQAPGKGLEWVAVISY--DGSNKYYADSVKGRFTISRDNSKNTLYLQMNSLRAEDTAVYYCARVGKGGYDFWSGSGYM---DVWGKGTTVTVSS-SYVLTQPPS-VSVSPGQTASITCSGDKLGD------KYACWYQQKPGQSPVLVIYQDSKRPSGIPERFSGSNSGNTATLTISGTQAMDEADYYCQAWDSST------VVFGGGTKLTV-L--,1.845
4lstH,QVQLVQSGGQMKKPGESMRISCRASGYEFID--CTLNWIRLAPGKRPEWMGWLKP--RGGAVNYARPLQGRVTMTRDVYSDTAFLELRSLTVDDTAVYFCTRGKNCDYNWDF--------EHWGRGTPVIVSS-EIVLTQSPGTLSLSPGETAIISCRTSQYG--------SLAWYQQRPGQAPRLVIYSGSTRAAGIPDRFSGSRWGPDYNLTISNLESGDFGVYYCQQYE----------FFGQGTKVQV----,2.55
4lssH,QVQLVQSGGQMKKPGESMRISCRASGYEFID--CTLNWIRLAPGKRPEWMGWLKP--RGGAVNYARPLQGRVTMTRDVYSDTAFLELRSLTVDDTAVYFCTRGKNCDYNWDF--------EHWGRGTPVIVSS---VLTQSPGTLSLSPGETAIISCRTSQYG--------SLAWYQQRPGQAPRLVIYSGSTRAAGIPDRFSGSRWGPDYTLTISNLESGDFGVYYCQQYE----------FFGQGTKVQV----,2.59
5od8A,QVQLVQSGAEVKKPGSSVKVSCRASGGTFSN--YVISWVRQAPGQGLEWMGGIIP--IFGTAHYAQKFQGRVTITADASTSTAYMELSSLRSEDTAVYYCARINTSPILTGYYFPGVH--DYWGQGTLVTVSS-AIRMTQSPSSVSASVGDRVTITCRASQSIS------SWLAWYQQKPGKAPKLLIYSASSLQSGVPSRFSGSGSGTDFTLTISSLQPEDFATYYCQQANSFP------FTFGPGTKVDI-K--,2.2
5t4zA,QVTLKEFGPALVKPTQPLTLTCSFSGFSLRSSDTAVVWIRQPPGKALEWLAAIY---WDDVEHINPSLKSRLSISKDSPNSLVVLTMANMDPVDTATYYCGRVRFVSGGYYTDRI-----DSWGPGLLVTVSS---VLTQPPS-VSGAPGQRVTISCAGTKSNIGD----CSVSWYQQLPGATPRLLIYQNNNRPSGVSDRFSGSKSGTSASLAITGLQTEDEADYFCLSYDTSFSG----WRFGGGTRLTV-L--,1.991
5t4zH,QVTLKEFGPALVKPTQPLTLTCSFSGFSLRSSDTAVVWIRQPPGKALEWLAAIY---WDDVEHINPSLKSRLSISKDSPNSLVVLTMANMDPVDTATYYCGRVRFVSGGYYTDRI-----DSWGPGLLVTVSS---VLTQPPS-VSGAPGQRVTISCAGTKSNIGD----CSVSWYQQLPGATPRLLIYQNNNRPSGVSDRFSGSKSGTSASLAITGLQTEDEADYFCLSYDTSFSG----WRFGGGTRLTV-L--,1.991
4k94H,EVQLVESGGGLVQPGGSLRLSCAASGFNISS--YSMHWVRQAPGKGLEWVASIYP--YSGYTYYADSVKGRFTISADTSKNTAYLQMNSLRAEDTAVYYCARYVYHAL------------DYWGQGTLVTVSS---QMTQSPSSLSASVGDRVTITCRASQSVS------SAVAWYQQKPGKAPKLLIYSASSLYSGVPSRFSGSRSGTDFTLTISSLQPEDFATYYCQQWAVHSL-----ITFGQGTKVEI-K--,2.4
1jpsH,EVQLVESGGGLVQPGGSLRLSCAASGFNIKE--YYMHWVRQAPGKGLEWVGLIDP--EQGNTIYDPKFQDRATISADNSKNTAYLQMNSLRAEDTAVYYCARDTAAYF------------DYWGQGTLVTVSS-DIQMTQSPSSLSASVGDRVTITCRASRDIK------SYLNWYQQKPGKAPKVLIYYATSLAEGVPSRFSGSGSGTDYTLTISSLQPEDFATYYCLQHGESP------WTFGQGTKVEI-K--,1.85
2ck0H,QVQLQESGGGLVQPRGSLKLSCAASGFTFNT--DAMNWVRQAPGKGLEWVARIRSKGFNFATYYADSVRDRFTISRDDSQSMLYLQMNNLKTEDTGIYYCVRGRDGEAM-----------DYWGQGTTLTVSS-DIQLTQSPSSLAVSAGEKVTMNCKSSQNLLHSITRKNYLAWYRQKPGQSPKLLIYWASTRGSGVPDRFTGSGSGTDFTLTISSVQAEDLAVYYCKQSYNL-------YTFGGGTKLEI-K--,2.2
6vu2H,--RLFQSGGGVSRPGGSLRVNCGASGFTVRT--HYMYWLRQSPGKGLEWVAFMN---SGGSVSYVDSVRGRFSVSRDNPANAMVLQMDALKIEDTGTYYCARELREAWYGDLRDYSGL--DVWGRGTIVSISS--SALAQPPS-VSGSPGQSVTITCTGINDYGAAY---KFVSWYQQHPGKEPRLIMKNVKDRWSVTPNRFSGSTSGNTASLTISNLQSDDEAQYFCAVYAGGFTF----PRLGGGTKLSV-L--,2.19
43caD,QVQLVESGPGLVAPSQSLSITCTVSGISLSR--YNVHWVRQSPGKGLEWLGMIWG--G-GSIEYNPALKSRLSISKDNSKSQIFLKMNSLQTDDSAMYYCVSYGYGGDRF----------SYWGQGTLVTVS--DVVMTQTPSSLAMSVGQKVTMSCKSSQSLLNISNQKNYLAWYQQKPGQSPKLLVYFASTRESGVPDRFIGSGSGTDFTLTISSVQAEDQADYFCQQHYRAP------RTFGGGTKLEI-K--,2.3
43caF,QVQLVESGPGLVAPSQSLSITCTVSGISLSR--YNVHWVRQSPGKGLEWLGMIWG--G-GSIEYNPALKSRLSISKDNSKSQIFLKMNSLQTDDSAMYYCVSYGYGGDRF----------SYWGQGTLVTVS--DVVMTQTPSSLAMSVGQKVTMSCKSSQSLLNISNQKNYLAWYQQKPGQSPKLLVYFASTRESGVPDRFIGSGSGTDFTLTISSVQAEDQADYFCQQHYRAP------RTFGGGTKLEI-K--,2.3
43caB,QVQLVESGPGLVAPSQSLSITCTVSGISLSR--YNVHWVRQSPGKGLEWLGMIWG--G-GSIEYNPALKSRLSISKDNSKSQIFLKMNSLQTDDSAMYYCVSYGYGGDRF----------SYWGQGTLVTVS--DVVMTQTPSSLAMSVGQKVTMSCKSSQSLLNISNQKNYLAWYQQKPGQSPKLLVYFASTRESGVPDRFIGSGSGTDFTLTISSVQAEDQADYFCQQHYRAP------RTFGGGTKLEI-K--,2.3
43caH,QVQLVESGPGLVAPSQSLSITCTVSGISLSR--YNVHWVRQSPGKGLEWLGMIWG--G-GSIEYNPALKSRLSISKDNSKSQIFLKMNSLQTDDSAMYYCVSYGYGGDRF----------SYWGQGTLVTVS--DVVMTQTPSSLAMSVGQKVTMSCKSSQSLLNISNQKNYLAWYQQKPGQSPKLLVYFASTRESGVPDRFIGSGSGTDFTLTISSVQAEDQADYFCQQHYRAP------RTFGGGTKLEI-K--,2.3
5zmjH,QVHLVQSGSELKKPGASVKVSCKASGYSFSR--YGIKWVRQAPGQGLEWMGWINT--RSGVPAYAQGFTGRFVFSLDTSVDTAFLEISSLKTEDTGIYYCATRPPRFYDKTEYWEDGF--DVWGRGTLVTVSS--SVLTQPPS-ASGTPGQSVNISCSGSSSNIGN----SYVYWYQQLPGTAPKLLIYRNNRRPSGVPDRFSGSKSDTSASLAISGLRSEDEADYYCATWDDSLSG----RLFGGGTKLTV-L--,1.81
4x7sH,EVQLVESGGGLVQPGGSLRLSCAVSGYSITSG-YSWNWIRQAPGKGLEWVASITY--D-GSTNYNPSVKGRITISRDDSKNTFYLQMNSLRAEDTAVYYCARGSHYFGHWHF--------AVWGQGTLVTVSS-DIQLTQSPSSLSASVGDRVTITCRASQSVDYDGD--SYMNWYQQKPGKAPKLLIYAASYLESGVPSRFSGSGSGTDFTLTISSLQPEDFATYYCQQSHEDP------YTFGQGTKVEI-K--,1.9
4tqeH,EVQLQQSGAEIVRSGASVKLSCAASGFNIKD--YYMHWVKQRPEQGLEWIGWIDP--ENGDIAYAPKFQGKATMTADTSSNTAYLQLSRLTSEDTAVYFCNGRGGMITTDFF--------DYWGQGTTLTVSS-DVLMTQTPLSLPVSLGDQASISCRSSQSIVHSNGN-TYLEWYLQKPGQSPKLLIYKVSNRFSGVPDRFSGSGSGTDFTLKISRVEAEDLGVYYCFQGSHVP------WTFGGGTKLEI-K--,1.6
5mx3A,-VQLQQSGPELVKPGTSVKMPCKASGYIFTD--YVISWVKQRTGQGLEWIGEIFP--RSGSTYYNEKFKGKATLTADKSSNTAYMQLSSVTSEDSAVYFCARDYYGTSFAM---------DYWGQGTSVTVSS-DIVMSQSPSSLAVSAGEKVTMSCKSSQSLLNSRTRKNYLAWYQQKPGQSPKLLIYWASTRESGVPDRFTGSGSGTDFTLTISSVQAEDLAVYYCKQSFYL-------RTFGGGTKLDI-K--,2.98
5mx3H,-VQLQQSGPELVKPGTSVKMPCKASGYIFTD--YVISWVKQRTGQGLEWIGEIFP--RSGSTYYNEKFKGKATLTADKSSNTAYMQLSSVTSEDSAVYFCARDYYGTSFAM---------DYWGQGTSVTVSS-DIVMSQSPSSLAVSAGEKVTMSCKSSQSLLNSRTRKNYLAWYQQKPGQSPKLLIYWASTRESGVPDRFTGSGSGTDFTLTISSVQAEDLAVYYCKQSFYL-------RTFGGGTKLDI-K--,2.98
4od3H,-VQLVESGGGVVQPGRSLRLSCVGSQFSFNR--YGMHWVRQAPGKGLEWVAGISF--DGTDRYHADNVWGRFTISRDNSKNTLYLQMSSLRAEDTALYYCAKDLREDEC-----------EE-------------AVLTQPPS-VSAAPGQNVTISCSGSGSNIGN----NFVSWYQQRPGTAPKLLIYESNKRPSGIPDRFSGSKSGTSATLAITGLQTGDEAYYYCATWAARLNSA---RVFGTGTMVTV-L--,2.616
